1481610442943, 0.00, 0.00, 0.00, 0.00, 0.00, 0.00, 25.00
1481610442957, 0.00, 0.00, 0.00, 0.00, 0.00, 0.00, 25.00
1481610442970, 0.00, 0.00, 0.00, 0.00, 0.00, 0.00, 25.00
1481610442985, 0.00, 0.00, 0.00, -0.56, -0.69, 0.19, 25.00
1481610442999, 0.00, 0.00, 0.00, -0.53, -0.68, 0.15, 25.00
1481610443013, 0.00, 0.00, 0.00, -0.52, -0.69, 0.23, 25.00
1481610443029, 0.00, 0.00, 0.00, -0.54, -0.68, 0.26, 25.00
1481610443043, 0.00, -3.12, 3.88, -0.02, -0.01, 0.17, 25.00
1481610443058, 0.00, -3.12, 3.88, -0.01, -0.04, 0.26, 25.00
1481610443071, 0.00, -3.12, 3.88, 0.00, -0.02, 0.28, 25.00
1481610443086, 0.00, -3.12, 3.88, 0.00, -0.01, 0.22, 25.00
1481610443099, 0.00, -3.12, 3.88, 0.00, -0.01, 0.20, 25.00
1481610443111, 0.00, -3.12, 3.88, 0.00, -0.02, 0.26, 25.00
1481610443126, 0.00, -3.12, 3.88, 0.00, -0.01, 0.28, 25.00
1481610443139, 0.00, -3.12, 3.88, -0.01, -0.02, 0.17, 25.00
1481610443153, 0.00, -3.12, 3.88, -0.01, -0.02, 0.23, 25.00
1481610443167, 0.00, -3.12, 3.88, 0.00, -0.01, 0.27, 25.00
1481610443180, 0.00, -3.12, 3.88, 0.00, -0.03, 0.21, 25.00
1481610443196, 0.00, -3.12, 3.88, 0.00, -0.03, 0.17, 25.00
1481610443209, 0.00, -3.12, 3.88, 0.00, -0.02, 0.26, 25.00
1481610443223, 0.00, -3.12, 3.88, -0.01, -0.03, 0.30, 25.00
1481610443237, 0.00, -3.12, 3.88, 0.00, 0.00, 0.20, 25.00
1481610443250, 0.00, -3.12, 3.88, -0.01, -0.02, 0.23, 25.00
1481610443263, 0.00, -3.12, 3.88, 0.00, -0.05, 0.26, 25.00
1481610443278, 0.00, -3.12, 3.88, -0.03, -0.04, 0.31, 25.00
1481610443290, 0.00, -3.12, 3.88, 0.00, -0.01, 0.19, 25.00
1481610443305, 0.00, -3.12, 3.88, 0.00, -0.02, 0.21, 25.00
1481610443318, 0.00, -3.12, 3.88, 0.00, 0.00, 0.29, 25.00
1481610443331, 0.00, -3.12, 3.88, 0.00, -0.01, 0.28, 25.00
1481610443346, 0.00, -3.12, 3.88, -0.01, -0.02, 0.17, 25.00
1481610443359, 0.00, -3.12, 3.88, 0.00, -0.02, 0.28, 25.00
1481610443374, 0.00, -3.12, 3.88, -0.02, -0.03, 0.29, 25.00
1481610443390, 0.00, -3.12, 3.88, -0.01, -0.02, 0.19, 25.00
1481610443405, 0.00, -3.12, 3.88, -0.01, -0.04, 0.23, 25.00
1481610443419, 0.00, -3.12, 3.88, 0.00, 0.01, 0.30, 25.00
1481610443434, 0.00, -3.12, 3.88, -0.01, 0.00, 0.24, 25.00
1481610443448, 0.00, -3.12, 3.88, -0.03, -0.03, 0.19, 25.00
1481610443462, 0.00, -3.12, 3.88, -0.01, 0.00, 0.29, 25.00
1481610443480, 0.00, -3.12, 3.88, 0.00, -0.01, 0.28, 25.00
1481610443494, 0.00, -3.12, 3.88, 0.00, 0.00, 0.20, 25.00
1481610443508, 0.00, -3.12, 3.88, 0.00, 0.00, 0.27, 25.00
1481610443521, 0.00, -3.12, 3.88, 0.02, 0.00, 0.27, 25.00
1481610443536, 0.00, -3.12, 3.88, 0.00, 0.00, 0.23, 25.00
1481610443549, 0.00, -3.12, 3.88, 0.00, -0.04, 0.22, 25.00
1481610443562, 0.00, -3.12, 3.88, -0.02, -0.03, 0.25, 25.00
1481610443577, 0.00, -3.12, 3.88, -0.02, -0.02, 0.30, 25.00
1481610443589, 0.00, -3.12, 3.88, -0.01, -0.03, 0.18, 25.00
1481610443603, 0.00, -3.12, 3.88, 0.00, -0.03, 0.24, 25.00
1481610443618, 0.00, -3.12, 3.88, -0.01, -0.03, 0.25, 25.00
1481610443636, 0.00, -3.12, 3.88, -0.01, -0.03, 0.29, 25.00
1481610443651, 0.00, -3.12, 3.88, -0.02, 0.00, 0.22, 25.00
1481610443666, 0.00, -3.12, 3.88, 0.00, 0.00, 0.26, 25.00
1481610443680, 0.00, -3.12, 3.88, 0.00, 0.00, 0.28, 25.00
1481610443698, 0.00, -3.12, 3.88, 0.00, -0.02, 0.18, 25.00
1481610443713, 0.00, -3.12, 3.88, 0.01, -0.01, 0.25, 25.00
1481610443730, 0.00, -3.12, 3.88, 0.00, -0.03, 0.32, 25.00
1481610443746, 0.00, -3.12, 3.88, 0.00, -0.02, 0.17, 25.00
1481610443760, 0.00, -3.12, 3.88, 0.01, -0.02, 0.26, 25.00
1481610443780, 0.00, -3.12, 3.88, -0.01, -0.03, 0.27, 25.00
1481610443809, 0.00, -3.12, 3.88, -0.01, -0.01, 0.20, 25.00
1481610443837, 0.00, -3.12, 3.88, 0.00, 0.00, 0.28, 25.00
1481610443850, 0.00, -3.12, 3.88, 0.00, 0.00, 0.23, 25.00
1481610443870, 0.00, -3.12, 3.88, 0.00, -0.04, 0.28, 25.00
1481610443899, 0.00, -3.12, 3.88, -0.01, -0.01, 0.21, 25.00
1481610443912, 0.00, -3.12, 3.88, 0.00, -0.02, 0.27, 25.00
1481610443932, 0.00, -3.12, 3.88, 0.00, -0.01, 0.27, 25.00
1481610443948, 0.00, -3.12, 3.88, -0.01, -0.03, 0.19, 25.00
1481610443961, 0.00, -3.12, 3.94, 0.01, -0.01, 0.27, 25.00
1481610443975, 0.00, -3.12, 3.94, -0.01, -0.02, 0.26, 25.00
1481610443989, 0.00, -3.12, 3.94, 0.00, -0.02, 0.18, 25.00
1481610444005, 0.00, -3.12, 3.94, -0.01, -0.02, 0.23, 25.00
1481610444019, 0.00, -3.12, 3.94, 0.00, -0.01, 0.28, 25.00
1481610444032, 0.00, -3.12, 3.94, -0.01, -0.01, 0.28, 25.00
1481610444048, 0.00, -3.12, 3.94, -0.01, -0.01, 0.25, 25.00
1481610444061, 0.00, -3.12, 3.94, 0.00, -0.03, 0.29, 25.00
1481610444074, 0.00, -3.12, 3.94, -0.01, -0.02, 0.31, 25.00
1481610444089, 0.00, -3.12, 3.94, -0.01, 0.00, 0.19, 25.00
1481610444104, 0.00, -3.12, 3.94, -0.02, -0.03, 0.21, 25.00
1481610444118, 0.00, -3.12, 3.94, -0.01, -0.02, 0.24, 25.00
1481610444131, 0.00, -3.12, 3.94, 0.00, -0.02, 0.28, 25.00
1481610444145, 0.00, -3.12, 3.94, 0.00, -0.04, 0.18, 25.00
1481610444159, 0.00, -3.12, 3.94, -0.02, -0.04, 0.27, 25.00
1481610444173, 0.00, -3.12, 3.94, 0.00, -0.04, 0.28, 25.00
1481610444188, 0.00, -3.12, 3.94, -0.01, 0.00, 0.28, 25.00
1481610444201, 0.00, -3.12, 3.94, -0.01, 0.00, 0.24, 25.00
1481610444213, 0.00, -3.12, 3.94, 0.01, -0.01, 0.26, 25.00
1481610444228, 0.00, -3.12, 3.94, -0.01, -0.03, 0.27, 25.00
1481610444241, 0.00, -3.12, 3.94, 0.00, -0.01, 0.17, 25.00
1481610444256, 0.00, -3.12, 3.94, 0.00, -0.02, 0.20, 25.00
1481610444270, 0.00, -3.12, 3.94, 0.00, 0.00, 0.32, 25.00
1481610444283, 0.00, -3.12, 3.94, 0.00, -0.02, 0.28, 25.00
1481610444298, 0.00, -3.12, 3.94, -0.02, -0.02, 0.19, 25.00
1481610444312, 0.00, -3.12, 3.94, -0.02, -0.03, 0.26, 25.00
1481610444327, 0.00, -3.12, 3.94, -0.02, -0.02, 0.25, 25.00
1481610444340, 0.00, -3.12, 3.94, 0.00, -0.02, 0.18, 25.00
1481610444353, 0.00, -3.12, 3.94, -0.02, 0.00, 0.22, 25.00
1481610444366, 0.00, -3.12, 3.94, 0.00, -0.03, 0.28, 25.00
1481610444380, 0.00, -3.12, 3.94, 0.00, 0.00, 0.29, 25.00
1481610444393, 0.00, -3.12, 3.94, 0.01, -0.01, 0.21, 25.00
1481610444408, 0.00, -3.12, 3.94, 0.00, -0.03, 0.22, 25.00
1481610444421, 0.00, -3.12, 3.94, -0.02, -0.03, 0.29, 25.00
1481610444435, 0.00, -3.12, 3.94, 0.00, 0.00, 0.22, 25.00
1481610444449, 0.00, -3.12, 3.94, -0.01, -0.02, 0.23, 25.00
1481610444462, 0.00, -3.12, 3.94, 0.01, -0.03, 0.27, 25.00
1481610444476, 0.00, -3.12, 3.94, 0.00, -0.02, 0.31, 25.00
1481610444491, 0.00, -3.12, 3.94, -0.02, 0.00, 0.20, 25.00
1481610444505, 0.00, -3.12, 3.94, -0.02, -0.02, 0.24, 25.00
1481610444518, 0.00, -3.12, 3.94, -0.01, -0.01, 0.26, 25.00
1481610444531, 0.00, -3.12, 3.94, 0.01, -0.02, 0.31, 25.00
1481610444546, 0.00, -3.12, 3.94, -0.01, -0.02, 0.16, 25.00
1481610444560, 0.00, -3.12, 3.94, 0.01, -0.03, 0.27, 25.00
1481610444573, 0.00, -3.12, 3.94, 0.00, -0.01, 0.30, 25.00
1481610444588, 0.00, -3.12, 3.94, 0.00, 0.00, 0.30, 25.00
1481610444601, 0.00, -3.12, 3.94, -0.02, -0.01, 0.21, 25.00
1481610444613, 0.00, -3.12, 3.94, -0.02, -0.02, 0.29, 25.00
1481610444628, 0.00, -3.12, 3.94, 0.00, -0.03, 0.30, 25.00
1481610444641, 0.00, -3.12, 3.94, -0.01, 0.00, 0.20, 25.00
1481610444656, 0.00, -3.12, 3.94, 0.00, -0.02, 0.22, 25.00
1481610444669, 0.00, -3.12, 3.94, 0.00, -0.01, 0.28, 25.00
1481610444681, 0.00, -3.12, 3.94, -0.01, -0.03, 0.24, 25.00
1481610444695, 0.00, -3.12, 3.94, -0.02, -0.04, 0.20, 25.00
1481610444710, 0.00, -3.12, 3.94, 0.00, 0.00, 0.28, 25.00
1481610444723, 0.00, -3.12, 3.94, 0.00, -0.02, 0.28, 25.00
1481610444737, 0.00, -3.12, 3.94, -0.01, -0.02, 0.27, 25.00
1481610444750, 0.00, -3.12, 3.94, 0.00, -0.04, 0.25, 25.00
1481610444762, 0.00, -3.12, 3.94, 0.00, -0.02, 0.26, 25.00
1481610444776, 0.00, -3.12, 3.94, 0.00, -0.02, 0.27, 25.00
1481610444790, 0.00, -3.12, 3.94, -0.01, -0.01, 0.19, 25.00
1481610444802, 0.00, -3.12, 3.94, 0.00, -0.01, 0.24, 25.00
1481610444814, 0.00, -3.12, 3.94, 0.00, -0.04, 0.26, 25.00
1481610444829, 0.00, -3.12, 3.94, -0.01, -0.02, 0.26, 25.00
1481610444843, 0.00, -3.12, 3.94, -0.03, -0.01, 0.21, 25.00
1481610444857, 0.00, -3.12, 3.94, -0.02, -0.02, 0.24, 25.00
1481610444870, 0.00, -3.12, 3.94, 0.00, -0.01, 0.30, 25.00
1481610444882, 0.00, -3.12, 3.94, 0.01, -0.02, 0.32, 25.00
1481610444896, 0.00, -3.12, 3.94, 0.00, -0.02, 0.17, 25.00
1481610444910, 0.00, -3.12, 3.94, 0.00, -0.02, 0.26, 25.00
1481610444922, 0.00, -3.12, 3.94, 0.00, 0.00, 0.30, 25.00
1481610444936, 0.00, -3.12, 3.94, 0.00, 0.00, 0.25, 25.00
1481610444950, 0.00, -3.12, 3.94, -0.01, -0.01, 0.21, 25.00
1481610444962, 0.00, -3.12, 3.94, 0.00, -0.02, 0.26, 25.00
1481610444976, 0.00, -3.12, 3.94, 0.01, -0.02, 0.31, 25.00
1481610444990, 0.00, -3.12, 3.94, -0.02, -0.02, 0.21, 25.00
1481610445002, 0.00, -3.12, 3.94, 0.00, -0.04, 0.23, 25.00
1481610445014, 0.00, -3.12, 3.94, -0.02, -0.04, 0.27, 25.00
1481610445029, 0.00, -3.12, 3.94, -0.01, -0.03, 0.29, 25.00
1481610445042, 0.00, -3.12, 3.94, -0.04, -0.02, 0.17, 25.00
1481610445056, 0.00, -3.12, 3.94, -0.04, -0.03, 0.22, 25.00
1481610445070, 0.00, -3.12, 3.94, -0.01, 0.00, 0.30, 25.00
1481610445082, 0.00, -3.12, 3.94, 0.00, -0.02, 0.31, 25.00
1481610445096, 0.00, -3.12, 3.94, -0.02, -0.01, 0.20, 25.00
1481610445110, 0.00, -3.12, 3.94, -0.01, -0.01, 0.27, 25.00
1481610445122, 0.00, -3.12, 3.94, 0.00, -0.01, 0.29, 25.00
1481610445136, 0.00, -3.12, 3.94, 0.00, -0.04, 0.24, 25.00
1481610445150, 0.00, -3.12, 3.94, 0.00, -0.01, 0.23, 25.00
1481610445163, 0.00, -3.12, 3.94, -0.03, -0.02, 0.27, 25.00
1481610445177, 0.00, -3.12, 3.94, 0.00, -0.02, 0.30, 25.00
1481610445191, 0.00, -3.12, 3.94, 0.00, 0.00, 0.21, 25.00
1481610445203, 0.00, -3.12, 3.94, -0.03, -0.04, 0.22, 25.00
1481610445216, 0.00, -3.12, 3.94, -0.02, -0.04, 0.30, 25.00
1481610445230, 0.00, -3.12, 3.94, 0.00, -0.02, 0.24, 25.00
1481610445243, 0.00, -3.12, 3.94, -0.03, -0.02, 0.14, 25.00
1481610445257, 0.00, -3.12, 3.94, -0.01, -0.04, 0.26, 25.00
1481610445271, 0.00, -3.12, 3.94, 0.00, -0.01, 0.29, 25.00
1481610445285, 0.00, -3.12, 3.94, 0.00, 0.00, 0.29, 25.00
1481610445300, 0.00, -3.12, 3.94, 0.00, -0.01, 0.17, 25.00
1481610445313, 0.00, -3.12, 3.94, 0.00, 0.00, 0.27, 25.00
1481610445327, 0.00, -3.12, 3.94, -0.03, 0.00, 0.28, 25.00
1481610445341, 0.00, -3.12, 3.94, 0.02, -0.05, 0.38, 25.00
1481610445354, 0.00, -3.12, 3.94, -0.03, 0.00, 0.12, 25.00
1481610445369, 0.00, -3.12, 3.94, 0.00, -0.03, 0.33, 25.00
1481610445383, 0.00, -3.12, 3.94, 0.00, -0.01, 0.30, 25.00
1481610445397, 0.00, -3.12, 3.94, -0.03, -0.02, 0.19, 25.00
1481610445411, 0.00, -3.12, 3.94, 0.01, -0.02, 0.28, 25.00
1481610445423, 0.00, -3.12, 3.94, 0.00, -0.02, 0.27, 25.00
1481610445438, 0.00, -3.12, 3.94, -0.02, -0.01, 0.30, 25.00
1481610445452, 0.00, -3.12, 3.94, -0.01, -0.01, 0.25, 25.00
1481610445464, 0.00, -3.12, 3.94, -0.01, 0.00, 0.26, 25.00
1481610445479, 0.00, -3.12, 3.94, -0.01, -0.04, 0.31, 25.00
1481610445493, 0.00, -3.12, 3.94, 0.00, -0.02, 0.21, 25.00
1481610445507, 0.00, -3.12, 3.94, 0.00, -0.01, 0.21, 25.00
1481610445521, 0.00, -3.12, 3.94, 0.00, -0.04, 0.26, 25.00
1481610445533, 0.00, -3.12, 3.94, -0.02, 0.00, 0.30, 25.00
1481610445546, 0.00, -3.12, 3.94, -0.01, -0.02, 0.19, 25.00
1481610445561, 0.00, -3.12, 3.94, 0.00, -0.01, 0.28, 25.00
1481610445574, 0.00, -3.12, 3.94, -0.01, -0.01, 0.30, 25.00
1481610445590, 0.00, -3.12, 3.94, 0.00, -0.02, 0.23, 25.00
1481610445604, 0.00, -3.12, 3.94, 0.00, -0.02, 0.22, 25.00
1481610445617, 0.00, -3.12, 3.94, -0.01, -0.02, 0.29, 25.00
1481610445631, 0.00, -3.12, 3.94, 0.00, -0.02, 0.32, 25.00
1481610445644, 0.00, -3.12, 3.94, -0.03, 0.00, 0.14, 25.00
1481610445661, 0.00, -3.12, 3.94, -0.03, -0.02, 0.24, 25.00
1481610445675, 0.00, -3.12, 3.94, -0.01, -0.02, 0.27, 25.00
1481610445691, 0.00, -3.12, 3.94, -0.02, -0.03, 0.22, 25.00
1481610445703, 0.00, -3.12, 3.94, 0.00, -0.02, 0.22, 25.00
1481610445716, 0.00, -3.12, 3.94, -0.01, 0.00, 0.26, 25.00
1481610445731, 0.00, -3.12, 3.94, 0.00, 0.01, 0.32, 25.00
1481610445744, 0.00, -3.12, 3.94, 0.01, -0.02, 0.24, 25.00
1481610445759, 0.00, -3.12, 3.88, 0.02, 0.00, 0.27, 25.00
1481610445773, 0.00, -3.12, 3.88, 0.01, 0.05, 0.32, 25.00
1481610445787, 0.00, -3.12, 3.88, 0.01, 0.06, 0.30, 25.00
1481610445801, 0.00, -3.12, 3.88, 0.03, 0.17, 0.19, 25.00
1481610445814, 0.00, -3.12, 3.88, 0.02, -0.02, 0.26, 25.00
1481610445827, 0.06, -3.12, 3.88, 0.03, 0.29, 0.29, 25.00
1481610445845, 0.06, -3.12, 3.88, -0.03, 0.07, 0.19, 25.00
1481610445859, 0.19, -3.12, 3.81, -0.01, -0.05, 0.24, 25.00
1481610445872, 0.19, -3.12, 3.81, -0.12, -0.27, 0.33, 25.00
1481610445886, 0.25, -3.06, 3.81, -0.08, -0.30, 0.26, 25.00
1481610445901, 0.31, -3.06, 3.81, -0.05, -0.14, 0.22, 25.00
1481610445914, 0.31, -3.06, 3.75, 0.05, 0.03, 0.41, 25.00
1481610445929, 0.31, -3.12, 3.75, -0.02, -0.01, 0.33, 25.00
1481610445943, 0.31, -3.12, 3.75, 0.06, -0.49, 0.07, 25.00
1481610445960, 0.31, -3.12, 3.75, -0.03, 0.06, 0.39, 25.00
1481610445974, 0.31, -3.12, 3.75, -0.03, 0.00, 0.27, 25.00
1481610445990, 0.31, -3.12, 3.81, 0.02, 0.08, 0.55, 25.00
1481610446004, 0.31, -3.12, 3.81, -0.03, 0.00, 0.19, 25.00
1481610446018, 0.31, -3.12, 3.81, -0.09, 0.10, 0.28, 25.00
1481610446035, 0.31, -3.12, 3.81, 0.09, -0.08, 0.48, 25.00
1481610446048, 0.31, -3.12, 3.88, 0.14, -0.15, 0.33, 25.00
1481610446065, 0.31, -3.19, 3.88, -0.11, -0.09, 0.19, 25.00
1481610446078, 0.31, -3.19, 4.00, 0.03, 0.17, 0.34, 25.00
1481610446100, 0.31, -3.25, 4.00, -0.13, 0.10, 0.23, 25.00
1481610446114, 0.38, -3.25, 4.12, -0.33, 0.22, 0.92, 25.00
1481610446132, 0.38, -3.38, 4.19, -0.37, 0.09, 1.18, 25.00
1481610446153, 0.50, -3.56, 4.31, -0.64, 0.53, 0.15, 25.00
1481610446169, 0.62, -3.81, 4.50, -0.76, 0.72, -0.02, 25.00
1481610446182, 0.69, -3.94, 4.69, -0.57, 0.64, 0.40, 25.00
1481610446195, 0.94, -4.19, 5.06, 0.60, -0.91, 2.65, 25.00
1481610446209, 1.06, -4.31, 5.19, 0.27, -0.41, 0.35, 25.00
1481610446222, 1.12, -4.56, 5.38, -0.18, -0.04, 1.27, 25.00
1481610446235, 1.31, -5.19, 5.44, -0.18, -0.07, 2.23, 25.00
1481610446249, 1.44, -5.62, 5.44, 0.46, -0.42, 0.59, 25.00
1481610446266, 1.56, -6.12, 5.38, 0.68, -0.02, 0.49, 25.00
1481610446280, 1.75, -7.25, 5.00, 0.92, 0.45, 0.29, 25.00
1481610446294, 1.88, -7.75, 4.75, 0.72, 0.47, -1.41, 25.00
1481610446308, 2.12, -8.62, 4.62, 0.40, 0.61, -1.17, 25.00
1481610446321, 2.25, -8.94, 4.69, -0.38, -0.35, -1.19, 25.00
1481610446333, 2.38, -9.19, 4.75, 0.38, -0.05, 1.20, 25.00
1481610446347, 2.56, -9.62, 4.94, 0.68, 0.31, 0.17, 25.00
1481610446362, 2.62, -9.81, 5.00, 0.15, 0.05, -1.31, 25.00
1481610446374, 2.69, -9.94, 5.06, -0.48, 0.39, -1.42, 25.00
1481610446391, 2.88, -10.00, 5.19, -0.76, 0.40, -0.59, 25.00
1481610446404, 3.00, -9.94, 5.25, -0.77, 0.28, -0.15, 25.00
1481610446420, 3.31, -9.75, 5.50, -0.52, -0.02, 0.14, 25.00
1481610446434, 3.50, -9.69, 5.62, -1.55, -0.87, 0.91, 25.00
1481610446446, 3.75, -9.56, 5.75, -1.65, -1.27, 1.37, 25.00
1481610446461, 3.88, -9.62, 5.81, -0.07, 0.52, 1.07, 25.00
1481610446473, 3.94, -9.69, 5.88, 0.09, 0.67, 0.75, 25.00
1481610446485, 4.00, -10.00, 5.88, -1.38, 0.33, -0.51, 25.00
1481610446498, 4.06, -10.12, 5.81, -1.48, -0.35, 0.38, 25.00
1481610446513, 4.12, -10.31, 5.69, -1.24, -0.29, 0.30, 25.00
1481610446525, 4.19, -10.75, 5.38, -0.15, -0.02, 0.39, 25.00
1481610446538, 4.12, -11.00, 5.25, -0.26, 0.37, -0.18, 25.00
1481610446553, 4.06, -11.19, 5.06, -0.30, -0.57, 2.06, 25.00
1481610446566, 4.00, -11.62, 4.56, -0.11, -0.53, 1.79, 25.00
1481610446578, 3.94, -11.88, 4.38, -0.39, 0.17, 0.00, 25.00
1481610446593, 3.88, -12.00, 4.19, -0.65, 0.23, 0.99, 25.00
1481610446605, 4.00, -11.81, 4.19, 0.11, 0.16, 1.34, 25.00
1481610446617, 4.06, -11.62, 4.38, 0.01, 0.08, 1.36, 25.00
1481610446629, 4.12, -11.44, 4.50, 0.20, 0.04, 1.46, 25.00
1481610446643, 4.12, -11.19, 4.62, 0.16, 0.13, 1.15, 25.00
1481610446656, 4.06, -10.94, 4.50, 0.15, 0.04, 1.05, 25.00
1481610446669, 4.06, -10.81, 4.31, 0.24, 0.13, 0.78, 25.00
1481610446681, 4.00, -10.75, 4.00, 0.33, 0.17, 0.53, 25.00
1481610446694, 3.88, -10.75, 3.62, 0.33, 0.44, 0.00, 25.00
1481610446706, 3.62, -10.75, 2.81, 0.26, 0.46, -0.14, 25.00
1481610446718, 3.56, -10.88, 2.44, 0.23, 0.47, -0.26, 25.00
1481610446731, 3.44, -10.94, 2.06, 0.24, 0.48, -0.33, 25.00
1481610446744, 3.31, -11.06, 1.88, 0.15, 0.62, -0.11, 25.00
1481610446756, 3.19, -11.19, 1.69, 0.14, 0.64, 0.04, 25.00
1481610446768, 3.12, -11.25, 1.75, -0.09, 0.44, 0.38, 25.00
1481610446780, 3.06, -11.25, 1.88, -0.13, 0.32, 0.53, 25.00
1481610446794, 2.94, -11.25, 2.00, -0.16, 0.17, 0.77, 25.00
1481610446806, 2.75, -11.19, 2.44, -0.06, -0.06, 1.01, 25.00
1481610446818, 2.62, -11.06, 2.56, 0.03, -0.06, 1.14, 25.00
1481610446830, 2.50, -11.06, 2.56, 0.06, -0.07, 1.14, 25.00
1481610446844, 2.38, -11.00, 2.56, 0.12, -0.12, 0.85, 25.00
1481610446857, 2.12, -11.06, 2.19, 0.14, -0.09, 0.78, 25.00
1481610446869, 2.06, -11.06, 1.94, 0.21, 0.00, 0.72, 25.00
1481610446882, 2.00, -11.12, 1.69, 0.03, -0.09, 0.43, 25.00
1481610446895, 1.94, -11.19, 1.44, 0.06, -0.11, 0.17, 25.00
1481610446908, 1.88, -11.12, 1.06, 0.11, -0.04, 0.07, 25.00
1481610446921, 1.81, -11.06, 0.88, 0.16, -0.03, 0.05, 25.00
1481610446933, 1.75, -11.00, 0.81, 0.19, -0.04, 0.00, 25.00
1481610446946, 1.69, -10.94, 0.75, 0.25, -0.15, -0.22, 25.00
1481610446959, 1.56, -10.75, 0.75, 0.23, -0.11, -0.15, 25.00
1481610446972, 1.50, -10.62, 0.81, 0.28, -0.09, -0.13, 25.00
1481610446984, 1.44, -10.56, 0.88, 0.28, -0.15, 0.06, 25.00
1481610446997, 1.31, -10.44, 1.00, 0.23, -0.14, 0.04, 25.00
1481610447010, 1.19, -10.44, 1.00, 0.15, -0.15, 0.06, 25.00
1481610447023, 1.12, -10.44, 1.00, -0.01, -0.23, 0.08, 25.00
1481610447037, 1.12, -10.44, 1.00, -0.01, -0.20, 0.17, 25.00
1481610447054, 1.00, -10.50, 0.94, -0.03, -0.17, 0.02, 25.00
1481610447067, 0.94, -10.56, 0.81, -0.07, -0.13, 0.07, 25.00
1481610447079, 0.88, -10.62, 0.69, -0.18, -0.15, 0.00, 25.00
1481610447094, 0.81, -10.69, 0.62, -0.15, -0.13, -0.07, 25.00
1481610447107, 0.56, -10.75, 0.62, -0.04, -0.13, -0.06, 25.00
1481610447120, 0.50, -10.75, 0.69, 0.04, -0.15, 0.16, 25.00
1481610447132, 0.44, -10.75, 0.69, 0.02, -0.09, 0.28, 25.00
1481610447146, 0.31, -10.75, 0.75, -0.10, -0.16, 0.31, 25.00
1481610447161, 0.19, -10.81, 0.81, -0.10, -0.16, 0.36, 25.00
1481610447174, 0.12, -10.81, 0.88, -0.08, -0.15, 0.39, 25.00
1481610447187, 0.00, -10.75, 0.94, -0.04, -0.19, 0.36, 25.00
1481610447201, 0.00, -10.75, 1.00, 0.01, -0.19, 0.28, 25.00
1481610447215, 359.94, -10.69, 1.00, 0.09, -0.13, 0.27, 25.00
1481610447227, 359.88, -10.62, 1.06, 0.07, -0.16, 0.22, 25.00
1481610447240, 359.81, -10.56, 1.00, 0.07, -0.14, 0.15, 25.00
1481610447254, 359.75, -10.56, 1.00, 0.24, -0.05, 0.00, 25.00
1481610447269, 359.69, -10.50, 0.94, 0.28, -0.06, -0.01, 25.00
1481610447281, 359.69, -10.44, 0.94, 0.26, -0.13, 0.00, 25.00
1481610447296, 359.69, -10.44, 0.94, 0.17, -0.12, -0.06, 25.00
1481610447308, 359.69, -10.44, 0.94, 0.10, -0.16, 0.01, 25.00
1481610447321, 359.75, -10.44, 1.00, 0.11, -0.11, 0.08, 25.00
1481610447333, 359.81, -10.44, 1.00, 0.14, -0.01, 0.07, 25.00
1481610447346, 359.81, -10.44, 0.94, 0.11, -0.02, 0.00, 25.00
1481610447358, 0.00, -10.44, 0.88, 0.09, 0.03, 0.04, 25.00
1481610447371, 0.06, -10.44, 0.81, 0.05, 0.00, 0.05, 25.00
1481610447383, 0.12, -10.50, 0.75, 0.14, 0.01, 0.06, 25.00
1481610447397, 0.19, -10.50, 0.69, 0.10, 0.03, 0.02, 25.00
1481610447411, 0.31, -10.62, 0.56, 0.07, -0.01, 0.07, 25.00
1481610447424, 0.38, -10.62, 0.56, 0.03, -0.07, 0.18, 25.00
1481610447437, 0.44, -10.69, 0.56, 0.06, -0.11, 0.28, 25.00
1481610447451, 0.50, -10.62, 0.62, 0.05, -0.15, 0.19, 25.00
1481610447468, 0.56, -10.56, 0.69, 0.04, -0.21, 0.31, 25.00
1481610447482, 0.69, -10.44, 0.88, 0.08, -0.14, 0.37, 25.00
1481610447497, 0.81, -10.44, 0.94, 0.03, -0.07, 0.31, 25.00
1481610447511, 0.94, -10.38, 1.06, 0.00, -0.11, 0.33, 25.00
1481610447524, 1.00, -10.38, 1.06, -0.03, -0.13, 0.33, 25.00
1481610447537, 1.06, -10.38, 1.12, -0.05, -0.11, 0.32, 25.00
1481610447551, 1.19, -10.31, 1.19, -0.04, -0.13, 0.26, 25.00
1481610447566, 1.31, -10.25, 1.25, -0.02, -0.14, 0.29, 25.00
1481610447578, 1.44, -10.19, 1.25, 0.02, -0.07, 0.32, 25.00
1481610447592, 1.56, -10.12, 1.19, 0.03, -0.03, 0.28, 25.00
1481610447606, 1.62, -10.12, 1.12, -0.02, 0.00, 0.17, 25.00
1481610447621, 1.75, -10.12, 1.00, 0.00, 0.02, 0.12, 25.00
1481610447635, 1.81, -10.12, 0.94, -0.05, 0.04, 0.13, 25.00
1481610447653, 1.94, -10.06, 1.00, -0.14, -0.05, 0.13, 25.00
1481610447671, 2.00, -10.00, 1.06, -0.09, -0.06, 0.37, 25.00
1481610447686, 2.12, -9.88, 1.19, -0.14, -0.06, 0.40, 25.00
1481610447702, 2.25, -9.69, 1.25, -0.13, -0.05, 0.29, 25.00
1481610447727, 2.31, -9.69, 1.25, -0.06, -0.03, 0.28, 25.00
1481610447742, 2.44, -9.56, 1.19, -0.01, 0.02, 0.33, 25.00
1481610447762, 2.44, -9.56, 1.12, -0.07, 0.01, 0.32, 25.00
1481610447775, 2.56, -9.50, 1.12, -0.09, 0.04, 0.30, 25.00
1481610447794, 2.69, -9.38, 1.19, -0.05, 0.12, 0.29, 25.00
1481610447808, 2.75, -9.31, 1.19, -0.02, 0.14, 0.26, 25.00
1481610447836, 2.88, -9.19, 1.12, -0.04, 0.13, 0.19, 25.00
1481610447850, 2.94, -9.06, 1.12, -0.07, 0.11, 0.08, 25.00
1481610447868, 2.94, -9.00, 1.06, -0.01, 0.06, 0.14, 25.00
1481610447884, 2.88, -8.94, 1.00, 0.04, 0.02, 0.04, 25.00
1481610447905, 2.81, -8.81, 0.94, 0.08, 0.00, -0.13, 25.00
1481610447919, 2.75, -8.75, 0.88, 0.22, 0.05, 0.13, 25.00
1481610447938, 2.75, -8.69, 0.81, 0.14, 0.09, 0.15, 25.00
1481610447953, 2.69, -8.69, 0.75, 0.01, 0.10, 0.11, 25.00
1481610447970, 2.69, -8.69, 0.75, -0.02, 0.13, 0.31, 25.00
1481610447983, 2.62, -8.69, 0.81, -0.08, 0.10, 0.40, 25.00
1481610447999, 2.56, -8.69, 0.88, -0.05, 0.14, 0.55, 25.00
1481610448013, 2.50, -8.62, 1.06, -0.04, 0.16, 0.73, 25.00
1481610448025, 2.44, -8.56, 1.19, -0.11, 0.07, 1.03, 25.00
1481610448038, 2.25, -8.50, 1.44, -0.21, -0.03, 1.33, 25.00
1481610448051, 2.19, -8.44, 1.69, -0.25, -0.07, 1.42, 25.00
1481610448066, 2.06, -8.31, 1.88, -0.26, -0.26, 1.59, 25.00
1481610448079, 2.00, -8.19, 2.06, -0.22, -0.17, 1.89, 25.00
1481610448093, 1.81, -7.88, 2.44, -0.16, -0.18, 2.15, 25.00
1481610448108, 1.75, -7.69, 2.62, -0.29, -0.21, 2.30, 25.00
1481610448124, 1.56, -7.38, 2.94, -0.34, -0.24, 2.39, 25.00
1481610448137, 1.44, -7.19, 3.12, -0.38, -0.12, 3.00, 25.00
1481610448149, 1.25, -6.81, 3.44, -0.60, -0.15, 2.89, 25.00
1481610448163, 1.19, -6.62, 3.62, -0.64, -0.33, 3.08, 25.00
1481610448176, 1.12, -6.31, 3.81, -0.68, -0.27, 3.11, 25.00
1481610448189, 1.06, -5.75, 3.94, -0.59, -0.14, 3.02, 25.00
1481610448204, 1.00, -5.38, 3.94, -0.57, -0.05, 2.54, 25.00
1481610448218, 0.88, -5.06, 3.88, -0.38, 0.00, 2.60, 25.00
1481610448230, 0.75, -4.38, 3.75, -0.27, 0.08, 2.50, 25.00
1481610448246, 0.62, -4.06, 3.69, -0.37, 0.01, 2.37, 25.00
1481610448259, 0.56, -3.69, 3.62, -0.25, 0.13, 2.18, 25.00
1481610448271, 0.50, -2.94, 3.31, -0.23, 0.09, 2.26, 25.00
1481610448283, 0.50, -2.56, 3.19, -0.29, 0.04, 2.10, 25.00
1481610448298, 0.50, -2.19, 3.00, -0.47, -0.07, 1.96, 25.00
1481610448313, 0.50, -1.44, 2.56, -0.51, -0.06, 1.96, 25.00
1481610448325, 0.50, -1.06, 2.25, -0.53, -0.15, 1.82, 25.00
1481610448338, 0.50, -0.62, 1.88, -0.51, -0.05, 1.46, 25.00
1481610448350, 0.56, 0.25, 1.12, -0.51, -0.02, 1.24, 25.00
1481610448365, 0.56, 0.81, 0.75, -0.56, -0.03, 1.14, 25.00
1481610448377, 0.62, 1.31, 0.38, -0.42, 0.12, 1.06, 25.00
1481610448390, 0.69, 2.25, -0.25, -0.70, 0.09, 1.00, 25.00
1481610448405, 0.69, 2.69, -0.50, -0.63, -0.03, 0.64, 25.00
1481610448419, 0.75, 3.19, -0.75, -0.75, -0.09, 0.58, 25.00
1481610448432, 0.81, 4.25, -1.19, -0.78, -0.12, 0.56, 25.00
1481610448447, 0.88, 4.75, -1.44, -0.40, 0.00, 0.80, 25.00
1481610448459, 0.88, 5.81, -1.81, -0.35, -0.01, 0.61, 25.00
1481610448472, 0.94, 6.31, -2.06, -0.06, -0.02, -0.16, 25.00
1481610448484, 0.94, 6.75, -2.31, -0.20, 0.11, -0.27, 25.00
1481610448499, 1.00, 7.12, -2.56, -0.20, 0.30, -0.54, 25.00
1481610448512, 1.06, 7.81, -3.19, -0.56, 0.22, 0.01, 25.00
1481610448525, 1.19, 8.19, -3.38, -0.29, 0.21, 0.08, 25.00
1481610448538, 1.25, 8.62, -3.50, -0.39, -0.06, 0.26, 25.00
1481610448552, 1.31, 9.62, -3.56, -0.18, -0.16, 0.08, 25.00
1481610448567, 1.38, 10.12, -3.56, -0.36, -0.30, -0.10, 25.00
1481610448579, 1.50, 11.19, -3.81, -0.19, -0.50, -0.03, 25.00
1481610448592, 1.56, 11.69, -4.12, -0.36, -0.54, -0.25, 25.00
1481610448607, 1.62, 12.19, -4.44, -0.66, -0.55, -0.59, 25.00
1481610448620, 1.75, 13.12, -5.38, -0.73, -0.70, -0.78, 25.00
1481610448632, 1.75, 13.62, -5.94, -0.76, -0.65, -0.84, 25.00
1481610448646, 1.75, 14.06, -6.50, -0.62, -0.60, -0.90, 25.00
1481610448659, 1.75, 14.50, -7.06, -0.35, -0.60, -1.37, 25.00
1481610448671, 1.75, 15.19, -8.12, -0.41, -0.73, -1.40, 25.00
1481610448683, 1.75, 15.50, -8.62, -0.56, -0.43, -1.19, 25.00
1481610448697, 1.75, 15.88, -9.06, -0.50, -0.58, -1.29, 25.00
1481610448710, 1.88, 16.56, -9.94, -0.76, -0.76, -1.09, 25.00
1481610448723, 2.00, 16.88, -10.38, -0.47, -0.81, -1.63, 25.00
1481610448735, 2.06, 17.25, -10.94, -0.34, -0.88, -1.80, 25.00
1481610448749, 2.06, 17.56, -11.50, 0.01, -0.19, -1.95, 25.00
1481610448762, 2.25, 18.00, -12.62, -0.12, -0.31, -2.04, 25.00
1481610448774, 2.31, 18.19, -13.06, -0.31, -0.56, -1.88, 25.00
1481610448787, 2.44, 18.38, -13.50, -0.33, -0.70, -2.09, 25.00
1481610448800, 2.69, 18.94, -14.31, -0.10, -0.36, -2.21, 25.00
1481610448813, 2.88, 19.25, -14.69, -0.21, -0.44, -2.32, 25.00
1481610448826, 3.06, 19.56, -15.00, -0.27, -0.80, -2.50, 25.00
1481610448838, 3.19, 19.88, -15.25, 0.43, -0.64, -2.15, 25.00
1481610448851, 3.50, 20.44, -15.62, 0.38, -0.64, -2.21, 25.00
1481610448866, 3.62, 20.56, -15.81, -0.01, -0.73, -2.70, 25.00
1481610448878, 3.75, 20.75, -16.00, -0.12, -0.47, -3.09, 25.00
1481610448890, 4.06, 21.06, -16.38, 0.08, -0.31, -3.16, 25.00
1481610448904, 4.25, 21.19, -16.50, 0.16, -0.27, -3.33, 25.00
1481610448919, 4.44, 21.38, -16.56, 0.08, 0.03, -3.01, 25.00
1481610448931, 4.94, 21.44, -16.75, -0.10, 0.15, -2.92, 25.00
1481610448944, 5.19, 21.44, -16.81, -0.29, 0.24, -2.71, 25.00
1481610448958, 5.44, 21.38, -16.75, -0.47, 0.44, -1.89, 25.00
1481610448970, 5.88, 21.31, -16.50, -0.53, 0.53, -1.55, 25.00
1481610448982, 6.12, 21.25, -16.25, -0.48, 0.52, -1.34, 25.00
1481610448997, 6.31, 21.19, -15.94, -0.56, 0.36, -1.15, 25.00
1481610449010, 6.44, 21.12, -15.62, -0.63, 0.20, -1.03, 25.00
1481610449023, 6.69, 21.06, -14.94, -0.44, 0.26, -0.80, 25.00
1481610449035, 6.75, 21.06, -14.62, -0.17, 0.37, -0.48, 25.00
1481610449049, 6.88, 20.94, -14.38, -0.38, 0.43, -0.47, 25.00
1481610449061, 6.88, 20.69, -13.94, -0.32, 0.49, -0.34, 25.00
1481610449073, 6.88, 20.50, -13.75, -0.26, 0.48, -0.36, 25.00
1481610449086, 6.81, 20.38, -13.56, -0.21, 0.43, -0.42, 25.00
1481610449099, 6.75, 20.19, -13.44, -0.20, 0.30, -0.48, 25.00
1481610449111, 6.62, 19.94, -13.12, -0.15, 0.18, -0.33, 25.00
1481610449123, 6.56, 19.81, -12.94, -0.15, 0.13, -0.21, 25.00
1481610449135, 6.44, 19.69, -12.75, -0.06, 0.17, -0.13, 25.00
1481610449149, 6.38, 19.50, -12.56, -0.06, 0.19, -0.29, 25.00
1481610449161, 6.25, 19.12, -12.25, -0.09, 0.12, -0.36, 25.00
1481610449174, 6.19, 19.00, -12.06, -0.05, 0.04, -0.43, 25.00
1481610449186, 6.12, 18.81, -11.94, -0.01, 0.10, -0.47, 25.00
1481610449200, 6.06, 18.69, -11.88, -0.10, 0.12, -0.78, 25.00
1481610449214, 6.00, 18.31, -11.75, -0.14, 0.14, -0.80, 25.00
1481610449226, 5.94, 18.19, -11.75, -0.10, 0.18, -0.93, 25.00
1481610449239, 5.81, 18.00, -11.75, -0.08, 0.40, -1.32, 25.00
1481610449252, 5.69, 17.56, -11.75, -0.06, 0.40, -1.49, 25.00
1481610449267, 5.56, 17.38, -11.69, -0.09, 0.32, -1.53, 25.00
1481610449280, 5.50, 17.19, -11.56, -0.22, 0.13, -1.77, 25.00
1481610449294, 5.31, 16.88, -11.31, -0.35, 0.09, -1.65, 25.00
1481610449309, 5.19, 16.75, -11.25, -0.33, 0.20, -1.72, 25.00
1481610449321, 4.88, 16.38, -11.12, -0.32, 0.30, -1.68, 25.00
1481610449334, 4.69, 16.19, -11.00, -0.21, 0.35, -1.70, 25.00
1481610449349, 4.56, 16.00, -10.81, -0.06, 0.19, -1.65, 25.00
1481610449361, 4.38, 15.75, -10.38, -0.15, -0.13, -1.38, 25.00
1481610449376, 4.31, 15.62, -10.12, -0.13, -0.14, -1.41, 25.00
1481610449390, 4.19, 15.44, -10.00, -0.05, -0.02, -1.04, 25.00
1481610449404, 3.94, 15.06, -9.88, -0.17, -0.06, -1.07, 25.00
1481610449419, 3.81, 14.81, -9.75, -0.04, -0.28, -0.72, 25.00
1481610449432, 3.56, 14.38, -9.56, -0.06, -0.40, -0.72, 25.00
1481610449446, 3.50, 14.19, -9.50, -0.16, -0.50, -0.84, 25.00
1481610449460, 3.38, 14.06, -9.62, -0.04, -0.10, -0.50, 25.00
1481610449474, 3.25, 13.62, -9.94, 0.01, 0.03, -0.49, 25.00
1481610449488, 3.12, 13.38, -10.00, -0.37, 0.14, -0.34, 25.00
1481610449501, 3.06, 13.06, -9.88, -0.26, -0.35, -0.08, 25.00
1481610449515, 3.06, 12.56, -9.38, -0.47, -0.81, 0.05, 25.00
1481610449527, 3.06, 12.44, -9.19, -0.28, -0.82, -0.03, 25.00
1481610449540, 3.00, 12.31, -9.12, 0.25, -0.32, -0.28, 25.00
1481610449553, 2.94, 12.12, -9.25, 0.13, 0.26, -0.52, 25.00
1481610449569, 2.94, 12.06, -9.12, 0.43, 0.06, -0.37, 25.00
1481610449582, 3.06, 11.88, -8.25, -0.28, -0.64, -0.33, 25.00
1481610449596, 3.19, 11.81, -7.75, -0.35, -0.78, -0.17, 25.00
1481610449615, 3.31, 11.75, -7.31, -0.47, -1.10, -0.40, 25.00
1481610449628, 3.50, 11.56, -6.88, -1.12, -0.59, -0.39, 25.00
1481610449646, 3.62, 11.44, -6.81, -0.76, -0.81, 0.13, 25.00
1481610449660, 3.88, 11.06, -6.56, -0.70, -0.75, -0.26, 25.00
1481610449673, 3.81, 10.44, -6.56, -0.64, -0.73, -0.47, 25.00
1481610449687, 3.69, 10.12, -6.69, -0.44, -0.67, -0.81, 25.00
1481610449702, 3.62, 9.88, -6.81, -1.28, 0.07, -1.20, 25.00
1481610449716, 3.69, 9.56, -6.94, -0.58, 0.01, -0.57, 25.00
1481610449728, 3.81, 9.44, -6.75, -0.69, -0.17, 0.00, 25.00
1481610449741, 3.94, 9.19, -6.50, -0.51, -0.26, 0.53, 25.00
1481610449754, 3.88, 8.50, -5.69, -0.77, -0.54, 0.20, 25.00
1481610449769, 3.75, 8.19, -5.38, -0.87, -0.65, 0.43, 25.00
1481610449782, 3.69, 7.75, -4.81, -1.11, -0.29, 0.41, 25.00
1481610449796, 3.69, 7.56, -4.62, -0.65, -0.11, 0.66, 25.00
1481610449810, 3.62, 7.38, -4.50, -0.05, 0.29, 0.41, 25.00
1481610449825, 3.38, 6.75, -4.12, -0.08, 0.24, 0.39, 25.00
1481610449846, 3.19, 6.38, -3.88, -0.68, -0.18, 0.70, 25.00
1481610449860, 3.06, 5.75, -3.25, -0.31, 0.10, 1.72, 25.00
1481610449873, 3.06, 5.25, -2.62, -0.44, 0.03, 1.75, 25.00
1481610449886, 3.00, 4.94, -2.31, -0.50, 0.25, 1.63, 25.00
1481610449900, 2.94, 4.62, -2.06, -0.40, 0.21, 1.57, 25.00
1481610449913, 2.69, 4.00, -1.50, -0.36, 0.16, 1.60, 25.00
1481610449929, 2.62, 3.69, -1.25, -0.04, 0.06, 1.59, 25.00
1481610449945, 2.38, 2.88, -0.94, -0.32, 0.23, 1.35, 25.00
1481610449962, 2.31, 2.44, -0.88, -0.34, 0.21, 1.13, 25.00
1481610449976, 2.12, 1.56, -0.75, -0.34, 0.22, 1.47, 25.00
1481610449990, 2.06, 1.19, -0.56, -0.38, 0.19, 1.54, 25.00
1481610450006, 1.94, 0.50, -0.12, -0.37, -0.27, 1.62, 25.00
1481610450020, 1.88, 0.19, 0.00, -0.42, -0.13, 1.37, 25.00
1481610450039, 1.81, -0.44, 0.19, -0.44, 0.05, 1.51, 25.00
1481610450052, 1.75, -0.81, 0.19, -0.25, 0.30, 1.02, 25.00
1481610450071, 1.69, -1.50, 0.25, -0.25, 0.22, 1.11, 25.00
1481610450084, 1.56, -2.06, 0.50, -0.32, 0.00, 0.94, 25.00
1481610450099, 1.56, -2.31, 0.75, -0.28, -0.04, 0.98, 25.00
1481610450122, 1.50, -2.50, 0.94, -0.17, -0.40, 0.67, 25.00
1481610450140, 1.38, -3.19, 1.50, -0.23, -0.43, 0.47, 25.00
1481610450160, 1.38, -3.81, 1.62, -0.24, -0.40, 0.01, 25.00
1481610450173, 1.50, -4.62, 1.62, -0.09, 0.24, 0.20, 25.00
1481610450185, 1.62, -5.12, 1.62, 0.08, 0.11, 0.35, 25.00
1481610450201, 1.69, -5.62, 1.69, -0.39, -0.15, 0.51, 25.00
1481610450213, 1.88, -6.75, 2.06, -0.71, -0.35, 0.88, 25.00
1481610450227, 1.94, -7.25, 2.31, -0.68, -0.36, 1.33, 25.00
1481610450240, 2.00, -7.75, 2.62, -0.58, -0.26, 1.39, 25.00
1481610450254, 2.12, -8.56, 3.38, -0.61, -0.45, 1.90, 25.00
1481610450269, 2.25, -8.94, 3.75, -0.69, -0.42, 1.94, 25.00
1481610450281, 2.31, -9.31, 4.06, -0.56, -0.36, 1.98, 25.00
1481610450293, 2.44, -10.00, 4.50, -0.34, -0.12, 2.00, 25.00
1481610450307, 2.50, -10.25, 4.62, -0.07, 0.18, 1.97, 25.00
1481610450322, 2.50, -10.56, 4.69, -0.37, -0.08, 1.65, 25.00
1481610450335, 2.56, -11.19, 4.81, -0.39, -0.11, 1.56, 25.00
1481610450350, 2.62, -11.38, 4.81, -0.33, -0.04, 1.57, 25.00
1481610450365, 2.62, -11.56, 4.81, -0.03, 0.22, 1.40, 25.00
1481610450378, 2.75, -11.81, 4.88, -0.09, 0.13, 1.39, 25.00
1481610450392, 2.81, -11.94, 4.94, -0.19, -0.33, 1.11, 25.00
1481610450408, 2.94, -12.00, 5.06, -0.11, -0.38, 0.95, 25.00
1481610450423, 2.94, -12.00, 5.06, 0.16, 0.10, 0.70, 25.00
1481610450435, 3.00, -12.06, 4.94, 0.16, 0.00, 0.59, 25.00
1481610450450, 3.06, -12.12, 4.81, 0.30, 0.01, 0.54, 25.00
1481610450463, 3.06, -12.19, 4.69, 0.06, -0.18, 0.45, 25.00
1481610450475, 2.94, -12.31, 4.62, 0.31, -0.09, 0.72, 25.00
1481610450487, 2.94, -12.31, 4.75, 0.55, -0.16, 0.83, 25.00
1481610450501, 2.88, -12.25, 4.88, 0.62, -0.20, 0.83, 25.00
1481610450513, 2.94, -12.19, 5.19, 0.25, -0.34, 0.80, 25.00
1481610450525, 2.94, -12.19, 5.25, 0.04, -0.26, 0.67, 25.00
1481610450538, 3.00, -12.19, 5.25, 0.10, -0.13, 0.69, 25.00
1481610450552, 3.06, -12.19, 5.19, 0.21, 0.02, 0.55, 25.00
1481610450565, 3.19, -12.19, 5.06, 0.23, 0.09, 0.45, 25.00
1481610450578, 3.31, -12.19, 5.00, 0.16, 0.15, 0.47, 25.00
1481610450590, 3.38, -12.25, 4.94, 0.16, 0.19, 0.39, 25.00
1481610450603, 3.50, -12.25, 4.81, 0.13, 0.45, 0.42, 25.00
1481610450617, 3.62, -12.38, 4.69, 0.06, 0.37, 0.44, 25.00
1481610450629, 3.69, -12.38, 4.69, -0.01, 0.22, 0.53, 25.00
1481610450641, 3.75, -12.38, 4.69, -0.02, 0.12, 0.75, 25.00
1481610450654, 3.94, -12.25, 4.81, 0.00, 0.11, 0.75, 25.00
1481610450668, 4.00, -12.19, 4.88, 0.00, 0.19, 0.86, 25.00
1481610450681, 4.12, -12.12, 4.81, -0.01, 0.24, 0.86, 25.00
1481610450693, 4.19, -12.12, 4.81, -0.25, 0.18, 0.91, 25.00
1481610450706, 4.25, -12.19, 4.62, -0.41, 0.05, 0.94, 25.00
1481610450721, 4.31, -12.19, 4.50, -0.31, 0.05, 1.14, 25.00
1481610450734, 4.31, -12.12, 4.44, -0.12, 0.26, 2.02, 25.00
1481610450747, 4.38, -12.06, 4.44, -0.04, 0.25, 2.38, 25.00
1481610450761, 4.31, -11.94, 4.50, -0.11, 0.21, 2.54, 25.00
1481610450774, 4.12, -11.69, 4.62, -0.83, -0.76, 2.80, 25.00
1481610450786, 4.00, -11.44, 4.62, -1.00, -1.01, 2.89, 25.00
1481610450801, 3.75, -11.12, 4.56, -0.95, -1.04, 2.98, 25.00
1481610450813, 3.50, -10.75, 4.50, -0.42, -0.72, 2.64, 25.00
1481610450825, 3.12, -9.81, 4.12, -0.31, -0.61, 2.57, 25.00
1481610450838, 2.94, -9.31, 3.88, 0.23, -0.14, 2.37, 25.00
1481610450852, 2.81, -8.69, 3.62, 0.53, -0.04, 1.85, 25.00
1481610450865, 2.50, -7.62, 3.12, 0.61, 0.04, 2.14, 25.00
1481610450877, 2.25, -7.19, 2.94, 0.31, 0.26, 2.59, 25.00
1481610450889, 2.06, -6.81, 2.81, -0.04, 0.09, 2.93, 25.00
1481610450903, 1.88, -6.44, 2.81, -1.04, -0.60, 3.03, 25.00
1481610450915, 1.62, -5.62, 2.94, -1.21, -0.75, 3.03, 25.00
1481610450928, 1.50, -5.06, 3.12, -1.14, -0.66, 3.04, 25.00
1481610450940, 1.38, -4.31, 3.19, -0.86, -0.44, 3.02, 25.00
1481610450953, 1.25, -3.50, 3.25, -0.32, 0.17, 2.78, 25.00
1481610450967, 1.12, -1.94, 3.00, -0.21, 0.32, 2.54, 25.00
1481610450979, 1.00, -1.31, 2.75, -0.41, 0.37, 2.06, 25.00
1481610450992, 0.94, -0.69, 2.38, -0.47, 0.40, 2.02, 25.00
1481610451005, 0.81, 0.56, 1.69, -0.59, 0.37, 1.75, 25.00
1481610451019, 0.75, 1.25, 1.44, -0.30, 0.20, 1.73, 25.00
1481610451031, 0.69, 2.06, 1.19, -0.12, 0.06, 1.93, 25.00
1481610451046, 0.75, 2.75, 0.94, -0.22, 0.43, 2.37, 25.00
1481610451062, 0.81, 4.06, 0.44, -0.57, 0.05, 1.80, 25.00
1481610451075, 0.88, 4.62, 0.12, -1.18, -0.14, 1.91, 25.00
1481610451087, 1.00, 5.94, -0.44, -0.37, -0.14, 1.86, 25.00
1481610451102, 1.12, 6.69, -0.75, -0.36, -0.28, 1.89, 25.00
1481610451115, 1.19, 7.94, -1.50, -0.87, -0.22, 1.54, 25.00
1481610451127, 1.31, 8.44, -2.06, -1.46, -0.69, 1.33, 25.00
1481610451140, 1.31, 9.06, -2.56, -1.57, -0.63, 1.36, 25.00
1481610451154, 1.38, 9.69, -3.12, -1.02, -0.47, 0.57, 25.00
1481610451168, 1.44, 11.25, -4.00, -0.94, -0.56, 0.06, 25.00
1481610451181, 1.50, 12.06, -4.44, -0.57, -0.71, 0.02, 25.00
1481610451194, 1.56, 12.75, -5.06, 0.15, -0.06, -0.01, 25.00
1481610451210, 1.69, 13.75, -6.50, 0.01, -0.04, -0.84, 25.00
1481610451224, 1.75, 13.94, -7.38, -0.70, -0.22, -2.28, 25.00
1481610451237, 1.88, 14.31, -8.94, -0.71, 0.05, -2.48, 25.00
1481610451252, 1.88, 14.56, -9.50, -0.55, -0.08, -2.43, 25.00
1481610451265, 1.94, 14.75, -9.88, -0.81, -0.03, -1.72, 25.00
1481610451277, 2.12, 15.00, -10.38, -0.83, -0.47, -1.63, 25.00
1481610451292, 2.25, 15.19, -10.56, -1.58, -0.87, -1.59, 25.00
1481610451305, 2.50, 15.81, -10.88, -1.42, -0.62, -1.38, 25.00
1481610451319, 2.56, 16.25, -10.94, -1.24, -0.54, -1.16, 25.00
1481610451332, 2.69, 16.62, -10.88, -0.68, -0.61, -0.97, 25.00
1481610451345, 2.75, 17.00, -10.81, -0.73, -0.82, -0.65, 25.00
1481610451358, 2.94, 17.62, -11.06, -0.96, -0.74, -1.01, 25.00
1481610451373, 3.00, 17.94, -11.44, -1.02, -0.80, -0.99, 25.00
1481610451385, 3.12, 18.56, -12.56, -1.27, -0.71, -1.54, 25.00
1481610451400, 3.06, 18.88, -13.19, -0.92, -0.32, -1.69, 25.00
1481610451420, 3.00, 19.25, -13.75, -0.15, -0.32, -2.05, 25.00
1481610451434, 2.75, 19.75, -14.69, 0.33, -0.02, -1.87, 25.00
1481610451447, 2.69, 20.00, -15.38, 0.66, 0.35, -1.48, 25.00
1481610451464, 2.75, 20.00, -15.56, -0.12, -0.03, -1.01, 25.00
1481610451477, 3.06, 20.12, -15.50, -0.25, -0.09, -0.70, 25.00
1481610451491, 3.31, 20.25, -15.31, -0.38, -0.26, -0.46, 25.00
1481610451505, 3.50, 20.44, -15.19, -0.33, -0.34, -0.21, 25.00
1481610451520, 3.81, 20.81, -15.19, -0.11, -0.11, -0.11, 25.00
1481610451533, 3.94, 21.00, -15.25, -0.18, -0.10, -0.02, 25.00
1481610451546, 4.06, 21.38, -15.62, -0.69, -0.61, -0.30, 25.00
1481610451560, 4.12, 21.75, -16.00, -0.39, -0.48, -0.53, 25.00
1481610451574, 4.19, 22.12, -16.38, -0.15, -0.02, -0.99, 25.00
1481610451587, 4.38, 22.94, -17.06, -0.16, 0.03, -1.40, 25.00
1481610451602, 4.50, 23.44, -17.38, -0.19, -0.09, -1.68, 25.00
1481610451616, 4.62, 24.00, -17.62, -0.13, -0.56, -2.08, 25.00
1481610451631, 4.88, 25.12, -18.31, -0.16, -0.57, -2.00, 25.00
1481610451645, 4.94, 25.69, -18.69, -0.09, -0.15, -2.29, 25.00
1481610451659, 5.12, 26.75, -19.62, -0.02, 0.01, -2.43, 25.00
1481610451677, 5.19, 27.25, -20.06, 0.08, 0.15, -1.80, 25.00
1481610451691, 5.31, 27.94, -20.69, 0.07, 0.08, -1.49, 25.00
1481610451708, 5.31, 28.12, -20.94, -0.79, -0.35, -1.15, 25.00
1481610451724, 5.19, 28.50, -21.38, -0.97, -0.20, -0.98, 25.00
1481610451737, 5.19, 29.06, -21.81, -1.18, -0.15, -0.95, 25.00
1481610451756, 5.19, 29.44, -22.00, -0.92, -0.17, -1.03, 25.00
1481610451771, 5.31, 30.19, -22.44, -0.72, -0.02, -0.82, 25.00
1481610451791, 5.38, 30.50, -22.62, -0.45, 0.28, -0.89, 25.00
1481610451805, 5.38, 30.88, -23.25, -0.32, 0.42, -1.32, 25.00
1481610451821, 5.31, 31.00, -23.94, -0.47, 0.81, -1.31, 25.00
1481610451835, 5.25, 31.06, -24.31, -0.52, 0.61, -1.30, 25.00
1481610451848, 5.19, 31.06, -25.00, -0.50, 0.64, -1.43, 25.00
1481610451866, 5.12, 31.06, -25.31, -0.29, 0.52, -1.50, 25.00
1481610451891, 4.88, 31.06, -25.88, -0.04, 0.35, -1.69, 25.00
1481610451907, 4.56, 30.88, -26.25, 0.21, 0.37, -1.62, 25.00
1481610451930, 4.31, 30.75, -26.38, 0.13, 0.04, -1.40, 25.00
1481610451944, 4.19, 30.62, -26.25, 0.17, -0.06, -1.28, 25.00
1481610451957, 4.06, 30.44, -26.00, 0.21, -0.07, -1.08, 25.00
1481610451972, 4.06, 30.38, -25.81, 0.18, -0.07, -1.03, 25.00
1481610451985, 4.06, 30.31, -25.56, -0.13, -0.25, -0.87, 25.00
1481610451998, 4.12, 30.19, -25.06, -0.15, -0.24, -0.79, 25.00
1481610452013, 4.12, 30.12, -24.81, -0.13, -0.26, -0.88, 25.00
1481610452026, 4.12, 30.06, -24.62, -0.16, -0.10, -0.87, 25.00
1481610452039, 4.12, 29.81, -24.25, -0.20, -0.01, -0.97, 25.00
1481610452053, 4.12, 29.69, -24.12, -0.28, 0.08, -1.03, 25.00
1481610452066, 4.12, 29.56, -23.94, -0.17, 0.31, -1.05, 25.00
1481610452079, 4.06, 29.25, -23.44, -0.18, 0.34, -0.99, 25.00
1481610452093, 4.06, 29.12, -23.19, -0.32, 0.19, -0.98, 25.00
1481610452106, 4.00, 28.94, -22.88, -0.27, 0.00, -1.14, 25.00
1481610452122, 3.88, 28.62, -22.38, -0.19, 0.03, -1.24, 25.00
1481610452135, 3.75, 28.50, -22.19, -0.09, 0.29, -1.22, 25.00
1481610452147, 3.69, 28.19, -21.94, -0.15, 0.57, -1.50, 25.00
1481610452162, 3.62, 28.06, -21.50, -0.32, 0.31, -1.70, 25.00
1481610452176, 3.62, 27.88, -21.00, -0.39, -0.18, -1.73, 25.00
1481610452189, 3.50, 27.69, -20.06, -0.31, -0.30, -1.80, 25.00
1481610452204, 3.38, 27.62, -19.75, -0.36, -0.38, -2.20, 25.00
1481610452217, 3.00, 27.38, -19.19, -0.23, 0.13, -2.39, 25.00
1481610452229, 2.81, 27.19, -18.75, -0.25, 0.33, -2.38, 25.00
1481610452241, 2.62, 26.94, -18.25, -0.27, 0.09, -2.05, 25.00
1481610452255, 2.50, 26.69, -17.56, -0.22, -0.36, -1.84, 25.00
1481610452268, 2.31, 26.06, -16.38, -0.50, -0.85, -1.42, 25.00
1481610452281, 2.19, 25.75, -16.00, -0.44, -0.75, -1.38, 25.00
1481610452294, 2.00, 25.44, -15.69, -0.41, -0.55, -1.55, 25.00
1481610452307, 1.75, 24.69, -15.12, -0.50, 0.18, -1.85, 25.00
1481610452321, 1.69, 24.31, -14.69, -0.54, 0.14, -1.95, 25.00
1481610452333, 1.69, 23.94, -14.12, -0.64, -0.17, -1.68, 25.00
1481610452346, 1.62, 23.56, -13.56, -0.72, -1.12, -0.91, 25.00
1481610452359, 1.38, 22.62, -12.81, -0.95, -1.28, -0.95, 25.00
1481610452374, 1.12, 22.12, -12.75, -0.69, -0.56, -0.99, 25.00
1481610452387, 0.94, 21.56, -12.88, -0.48, 0.62, -0.94, 25.00
1481610452400, 0.62, 20.44, -12.62, -0.31, 0.73, -1.01, 25.00
1481610452415, 0.50, 19.88, -12.12, -0.60, -0.36, -0.89, 25.00
1481610452427, 0.44, 18.94, -10.75, -0.66, -0.60, -0.68, 25.00
1481610452440, 0.44, 18.50, -10.31, -0.67, -0.58, -0.32, 25.00
1481610452456, 0.38, 18.00, -10.06, -0.33, 0.28, -0.54, 25.00
1481610452469, 0.19, 16.75, -9.62, -0.46, 0.55, -0.51, 25.00
1481610452482, 0.06, 16.12, -9.12, -0.46, 0.54, -0.36, 25.00
1481610452495, 359.94, 15.50, -8.38, -0.58, 0.16, -0.22, 25.00
1481610452508, 359.81, 14.56, -6.94, -0.49, -1.36, 0.22, 25.00
1481610452522, 359.69, 14.06, -6.62, -0.42, -1.28, 0.18, 25.00
1481610452535, 359.62, 13.62, -6.69, -0.30, -0.83, 0.07, 25.00
1481610452548, 359.50, 12.44, -7.25, -0.26, 0.62, -0.31, 25.00
1481610452562, 359.44, 11.75, -7.25, -0.18, 0.75, -0.61, 25.00
1481610452576, 359.44, 11.12, -7.06, 0.00, -0.16, -0.27, 25.00
1481610452588, 359.38, 10.19, -6.06, 0.07, -0.44, -0.09, 25.00
1481610452604, 359.38, 9.75, -5.56, 0.11, -0.79, 0.15, 25.00
1481610452617, 359.50, 9.44, -5.31, -0.25, -0.15, 0.62, 25.00
1481610452629, 359.81, 8.88, -5.06, -0.18, 0.04, 0.86, 25.00
1481610452642, 359.94, 8.56, -4.88, -0.10, 0.06, 1.03, 25.00
1481610452655, 359.94, 8.25, -4.56, 0.09, -0.09, 0.65, 25.00
1481610452667, 359.88, 7.62, -4.00, 0.02, -0.24, 0.75, 25.00
1481610452680, 359.94, 7.38, -4.00, -0.14, 0.18, 1.31, 25.00
1481610452692, 0.00, 7.12, -4.25, 0.19, 0.50, 1.30, 25.00
1481610452706, 0.12, 6.81, -4.50, -0.08, 0.79, 0.50, 25.00
1481610452718, 0.38, 6.31, -4.56, -0.27, 0.95, 0.23, 25.00
1481610452731, 0.56, 6.12, -4.25, -0.17, 0.69, 0.18, 25.00
1481610452744, 0.69, 5.94, -3.75, -0.33, 0.53, 0.33, 25.00
1481610452757, 0.81, 5.75, -3.19, -0.76, -0.63, 0.81, 25.00
1481610452770, 1.00, 5.25, -2.62, -1.01, -0.56, 0.85, 25.00
1481610452782, 1.06, 4.81, -2.75, -0.97, -0.29, 0.89, 25.00
1481610452795, 1.06, 4.38, -3.06, -0.76, 0.10, 0.75, 25.00
1481610452808, 1.00, 3.25, -3.25, -1.14, 0.26, 0.35, 25.00
1481610452821, 0.88, 2.75, -2.94, -0.99, -0.15, 0.55, 25.00
1481610452833, 0.75, 2.38, -2.44, -0.93, -0.34, 0.73, 25.00
1481610452847, 0.62, 2.06, -1.75, -0.93, -0.65, 1.02, 25.00
1481610452860, 0.50, 1.50, -0.69, -1.04, -0.87, 0.74, 25.00
1481610452874, 0.44, 1.12, -0.31, -0.78, -1.12, 0.70, 25.00
1481610452887, 0.44, 0.56, -0.19, -1.02, -0.95, 0.24, 25.00
1481610452899, 0.31, -0.81, -0.50, -1.06, -0.82, 0.37, 25.00
1481610452913, 0.25, -1.62, -0.75, -0.89, -0.55, 0.13, 25.00
1481610452927, 0.19, -2.38, -0.88, -0.95, -0.39, 0.14, 25.00
1481610452939, 0.12, -3.69, -0.75, -0.69, -0.43, 0.28, 25.00
1481610452953, 0.00, -4.25, -0.31, -0.58, -0.38, 0.47, 25.00
1481610452966, 359.94, -4.69, 0.19, -0.50, -0.55, 1.17, 25.00
1481610452979, 359.81, -5.56, 1.56, -0.26, -0.49, 1.51, 25.00
1481610452991, 359.75, -6.06, 2.25, -0.30, -0.40, 1.69, 25.00
1481610453005, 359.75, -6.62, 2.69, -0.48, -0.52, 1.92, 25.00
1481610453018, 359.75, -7.25, 3.06, -0.55, -0.41, 1.66, 25.00
1481610453030, 359.69, -8.56, 3.38, -0.74, -0.41, 1.71, 25.00
1481610453043, 359.56, -9.19, 3.56, -0.42, -0.25, 1.74, 25.00
1481610453057, 359.50, -9.81, 3.69, -0.19, 0.00, 1.82, 25.00
1481610453069, 359.31, -10.88, 4.19, -0.12, 0.05, 1.90, 25.00
1481610453081, 359.19, -11.31, 4.50, -0.19, -0.02, 2.02, 25.00
1481610453094, 359.12, -11.75, 4.94, -0.22, -0.16, 1.97, 25.00
1481610453107, 359.12, -12.12, 5.31, -0.26, -0.55, 1.86, 25.00
1481610453120, 359.06, -12.81, 6.00, -0.40, -0.62, 1.75, 25.00
1481610453132, 359.12, -13.19, 6.19, -0.36, -0.64, 1.62, 25.00
1481610453144, 359.19, -13.62, 6.19, -0.28, -0.37, 1.31, 25.00
1481610453157, 359.31, -14.06, 6.12, -0.33, -0.09, 0.65, 25.00
1481610453171, 359.69, -15.00, 5.81, -0.34, 0.16, 0.33, 25.00
1481610453183, 359.94, -15.50, 5.69, -0.19, 0.36, 0.29, 25.00
1481610453196, 0.25, -16.00, 5.62, 0.02, 0.53, 0.26, 25.00
1481610453209, 0.81, -17.06, 5.81, 0.47, 1.16, 0.58, 25.00
1481610453223, 1.06, -17.62, 6.06, 0.49, 1.30, 1.00, 25.00
1481610453240, 1.25, -18.19, 6.38, -0.38, 0.66, 1.95, 25.00
1481610453256, 1.50, -19.31, 7.38, -0.73, 0.34, 2.24, 25.00
1481610453269, 1.50, -19.81, 7.88, -1.27, -0.30, 3.08, 25.00
1481610453281, 1.44, -20.44, 8.81, -1.17, -0.32, 3.20, 25.00
1481610453294, 1.38, -20.62, 9.12, -1.11, -0.40, 3.21, 25.00
1481610453308, 1.31, -20.75, 9.31, -0.68, -0.39, 2.87, 25.00
1481610453321, 1.19, -20.81, 9.38, -0.47, -0.39, 2.59, 25.00
1481610453334, 1.12, -20.75, 9.25, -0.33, -0.39, 2.28, 25.00
1481610453347, 1.06, -20.69, 9.12, 0.04, -0.35, 1.29, 25.00
1481610453359, 1.00, -20.44, 8.75, 0.10, -0.34, 0.92, 25.00
1481610453374, 0.94, -20.25, 8.50, 0.20, -0.33, 0.66, 25.00
1481610453389, 0.94, -20.12, 8.31, 0.46, -0.09, 0.20, 25.00
1481610453403, 1.00, -19.88, 8.00, 0.56, -0.01, 0.04, 25.00
1481610453418, 1.06, -19.81, 7.88, 0.45, 0.34, -0.24, 25.00
1481610453430, 1.19, -19.75, 7.75, 0.40, 0.38, -0.23, 25.00
1481610453443, 1.31, -19.81, 7.69, 0.29, 0.40, -0.22, 25.00
1481610453457, 1.38, -19.81, 7.75, 0.21, 0.46, -0.06, 25.00
1481610453470, 1.50, -19.94, 7.88, 0.15, 0.45, 0.11, 25.00
1481610453485, 1.50, -20.00, 8.00, -0.03, 0.43, 0.48, 25.00
1481610453498, 1.56, -20.06, 8.12, -0.19, 0.34, 0.75, 25.00
1481610453511, 1.56, -20.12, 8.38, -0.24, 0.25, 0.77, 25.00
1481610453526, 1.56, -20.19, 8.44, -0.26, 0.19, 0.92, 25.00
1481610453538, 1.50, -20.19, 8.50, -0.14, 0.21, 1.12, 25.00
1481610453551, 1.38, -20.19, 8.56, -0.04, 0.10, 1.06, 25.00
1481610453566, 1.31, -20.12, 8.56, -0.05, -0.01, 1.01, 25.00
1481610453579, 1.25, -20.06, 8.62, -0.26, -0.30, 0.95, 25.00
1481610453592, 1.12, -19.94, 8.50, -0.15, -0.24, 0.97, 25.00
1481610453607, 1.12, -19.81, 8.44, 0.00, -0.11, 0.95, 25.00
1481610453621, 1.12, -19.75, 8.19, 0.11, 0.00, 0.92, 25.00
1481610453633, 1.06, -19.69, 8.12, -0.06, -0.18, 0.83, 25.00
1481610453646, 1.06, -19.62, 8.06, -0.27, -0.37, 0.81, 25.00
1481610453659, 1.06, -19.50, 8.00, 0.21, -0.10, 1.25, 25.00
1481610453676, 1.12, -19.31, 7.94, 0.39, 0.02, 1.42, 25.00
1481610453689, 1.19, -19.25, 7.88, 0.10, 0.03, 2.02, 25.00
1481610453704, 1.31, -19.19, 7.81, -0.06, 0.02, 2.05, 25.00
1481610453718, 1.44, -19.12, 7.75, -0.09, 0.21, 2.42, 25.00
1481610453731, 1.62, -18.94, 7.62, -0.06, 0.47, 2.85, 25.00
1481610453744, 1.69, -18.81, 7.50, -0.07, 0.58, 3.05, 25.00
1481610453760, 1.69, -18.62, 7.38, -0.70, 0.57, 3.45, 25.00
1481610453774, 1.56, -18.19, 7.12, -0.94, 0.46, 3.47, 25.00
1481610453787, 1.38, -17.88, 7.00, -0.74, 0.16, 3.36, 25.00
1481610453800, 0.81, -17.06, 6.88, -1.75, -0.10, 3.13, 25.00
1481610453814, 0.44, -16.50, 6.88, -1.62, -0.09, 3.13, 25.00
1481610453829, 359.94, -15.94, 6.88, -1.64, -0.30, 3.32, 25.00
1481610453845, 358.75, -14.56, 7.25, -1.75, -0.63, 3.28, 25.00
1481610453867, 358.12, -13.81, 7.62, -1.62, -1.18, 2.85, 25.00
1481610453884, 356.38, -10.75, 8.81, -1.00, -1.24, 2.67, 25.00
1481610453896, 355.94, -9.56, 9.06, -0.76, -1.19, 2.69, 25.00
1481610453910, 355.56, -8.50, 9.19, -0.03, -0.70, 2.59, 25.00
1481610453924, 355.00, -6.62, 8.94, -0.24, -0.56, 2.32, 25.00
1481610453937, 354.81, -5.81, 8.69, -0.28, -0.57, 1.87, 25.00
1481610453951, 354.69, -5.00, 8.38, -0.36, -0.30, 1.67, 25.00
1481610453972, 354.62, -3.50, 7.69, -0.50, -0.10, 1.65, 25.00
1481610453988, 354.75, -1.94, 7.19, -0.74, 0.06, 1.95, 25.00
1481610454001, 355.00, -0.25, 6.75, -0.96, -0.06, 1.82, 25.00
1481610454015, 355.19, 0.56, 6.44, -1.09, -0.17, 1.75, 25.00
1481610454036, 355.25, 1.38, 6.06, -0.84, -0.18, 1.78, 25.00
1481610454051, 355.44, 3.00, 4.94, -0.58, 0.24, 1.21, 25.00
1481610454066, 355.50, 4.25, 3.44, -0.59, 0.31, 1.05, 25.00
1481610454079, 355.50, 4.88, 2.75, -0.73, 0.32, 0.61, 25.00
1481610454093, 355.56, 6.06, 1.62, -1.09, 0.10, 0.50, 25.00
1481610454108, 355.62, 6.81, 1.19, -1.30, -0.19, 0.44, 25.00
1481610454126, 355.75, 8.50, 0.44, -0.82, -0.53, 0.64, 25.00
1481610454138, 355.75, 9.31, 0.06, 0.01, -0.28, 0.00, 25.00
1481610454157, 355.75, 10.69, -0.94, -0.50, -0.13, 0.03, 25.00
1481610454170, 355.75, 11.12, -1.50, -0.50, -0.24, -0.59, 25.00
1481610454184, 355.75, 12.00, -2.62, -0.97, -0.60, -0.65, 25.00
1481610454197, 355.75, 12.44, -3.25, -0.81, -0.76, -0.83, 25.00
1481610454213, 355.88, 12.88, -3.88, -0.96, -0.70, -1.24, 25.00
1481610454229, 356.00, 13.69, -5.25, -0.94, -0.87, -1.37, 25.00
1481610454241, 356.12, 14.38, -6.38, -1.22, -0.66, -1.34, 25.00
1481610454255, 356.25, 14.81, -6.94, -1.18, -0.79, -1.46, 25.00
1481610454269, 356.31, 15.25, -7.44, -0.83, -0.84, -1.12, 25.00
1481610454283, 356.38, 15.88, -8.25, -0.59, -0.55, -1.68, 25.00
1481610454296, 356.44, 16.19, -8.56, -0.81, -0.69, -1.66, 25.00
1481610454310, 356.50, 16.56, -8.94, -0.82, -0.67, -1.44, 25.00
1481610454323, 356.69, 17.19, -9.38, -0.76, -0.76, -1.58, 25.00
1481610454336, 356.81, 17.50, -9.56, -0.95, -0.87, -1.40, 25.00
1481610454349, 356.88, 17.69, -9.69, -0.56, -0.78, -1.56, 25.00
1481610454362, 357.00, 18.31, -10.31, -0.54, -0.85, -1.64, 25.00
1481610454375, 357.06, 18.62, -10.69, -0.50, -0.78, -1.69, 25.00
1481610454387, 357.06, 18.94, -11.06, -0.37, -0.64, -1.82, 25.00
1481610454401, 357.12, 19.12, -11.44, 0.02, -0.13, -1.64, 25.00
1481610454415, 357.38, 19.56, -12.00, -0.08, -0.27, -1.78, 25.00
1481610454430, 357.50, 19.69, -12.19, -0.16, -0.28, -1.75, 25.00
1481610454446, 357.81, 20.12, -12.62, -0.11, -0.08, -1.84, 25.00
1481610454460, 358.00, 20.38, -12.88, -0.32, 0.19, -2.09, 25.00
1481610454472, 358.44, 20.94, -13.19, -0.28, 0.33, -2.00, 25.00
1481610454484, 358.69, 21.25, -13.19, -0.29, 0.27, -1.84, 25.00
1481610454496, 358.88, 21.62, -13.19, -0.35, -0.13, -1.64, 25.00
1481610454509, 359.06, 22.00, -13.06, 0.14, -0.23, -1.65, 25.00
1481610454521, 359.50, 23.00, -13.00, 0.71, -0.40, -2.01, 25.00
1481610454534, 359.75, 23.56, -13.12, 0.71, -0.48, -2.27, 25.00
1481610454546, 359.94, 24.12, -13.31, 0.61, -0.50, -2.38, 25.00
1481610454560, 0.25, 24.81, -13.50, 0.56, 0.00, -2.44, 25.00
1481610454573, 0.94, 26.00, -13.94, 0.60, 0.25, -2.20, 25.00
1481610454586, 1.31, 26.50, -14.12, 0.62, 0.37, -1.95, 25.00
1481610454599, 1.75, 26.94, -14.31, 0.19, 0.37, -1.57, 25.00
1481610454611, 2.19, 27.31, -14.56, -0.08, 0.57, -1.53, 25.00
1481610454624, 3.00, 27.94, -15.06, -0.28, 0.49, -1.35, 25.00
1481610454637, 3.38, 28.19, -15.31, -0.64, 0.10, -0.85, 25.00
1481610454649, 3.69, 28.50, -15.50, -0.98, -0.18, -0.26, 25.00
1481610454661, 4.19, 29.12, -16.00, -0.89, 0.00, -0.22, 25.00
1481610454675, 4.38, 29.44, -16.31, -1.04, 0.14, -0.11, 25.00
1481610454687, 4.50, 29.81, -16.62, -0.97, 0.28, -0.23, 25.00
1481610454700, 4.62, 30.12, -16.94, -0.96, 0.63, -0.53, 25.00
1481610454713, 4.81, 30.75, -17.56, -0.93, 0.61, -0.61, 25.00
1481610454726, 4.88, 31.06, -17.88, -0.84, 0.64, -0.61, 25.00
1481610454739, 4.94, 31.38, -18.19, -0.62, 0.67, -0.87, 25.00
1481610454751, 4.88, 31.62, -18.56, -0.56, 0.60, -1.22, 25.00
1481610454765, 4.75, 32.06, -19.44, -0.55, 0.65, -1.39, 25.00
1481610454779, 4.56, 32.19, -19.88, -0.40, 0.86, -1.50, 25.00
1481610454792, 4.44, 32.31, -20.25, -0.22, 0.94, -1.50, 25.00
1481610454805, 4.25, 32.38, -20.88, -0.28, 0.70, -1.51, 25.00
1481610454819, 4.19, 32.38, -21.19, -0.28, 0.54, -1.53, 25.00
1481610454832, 4.12, 32.44, -21.44, -0.08, 0.42, -1.36, 25.00
1481610454844, 4.06, 32.50, -21.75, -0.04, 0.28, -1.26, 25.00
1481610454859, 4.06, 32.50, -21.88, -0.06, 0.17, -1.27, 25.00
1481610454872, 4.00, 32.50, -21.94, -0.04, 0.00, -1.34, 25.00
1481610454884, 3.88, 32.31, -22.06, -0.13, -0.14, -1.32, 25.00
1481610454897, 3.81, 32.19, -22.12, -0.08, -0.13, -1.40, 25.00
1481610454910, 3.75, 32.00, -22.19, -0.21, 0.13, -1.53, 25.00
1481610454923, 3.62, 31.81, -22.31, -0.31, 0.19, -1.42, 25.00
1481610454935, 3.62, 31.75, -22.31, -0.32, 0.06, -1.37, 25.00
1481610454947, 3.62, 31.62, -22.06, -0.25, -0.30, -1.25, 25.00
1481610454961, 3.56, 31.44, -21.81, -0.28, -0.32, -1.16, 25.00
1481610454973, 3.50, 31.19, -21.31, -0.17, -0.25, -1.13, 25.00
1481610454985, 3.50, 31.00, -21.12, -0.10, -0.11, -1.12, 25.00
1481610454997, 3.44, 30.81, -20.94, -0.13, 0.06, -1.15, 25.00
1481610455011, 3.38, 30.56, -20.75, -0.10, 0.35, -1.36, 25.00
1481610455023, 3.38, 30.00, -20.25, -0.18, 0.33, -1.33, 25.00
1481610455036, 3.31, 29.69, -20.00, -0.31, 0.30, -1.27, 25.00
1481610455048, 3.31, 29.38, -19.69, -0.34, 0.38, -1.18, 25.00
1481610455061, 3.31, 29.06, -19.44, -0.47, 0.43, -1.35, 25.00
1481610455077, 3.19, 28.50, -18.81, -0.52, 0.39, -1.34, 25.00
1481610455089, 3.06, 28.19, -18.50, -0.45, 0.33, -1.29, 25.00
1481610455103, 3.00, 27.94, -18.19, -0.52, 0.19, -1.35, 25.00
1481610455117, 2.62, 27.31, -17.56, -0.50, 0.13, -1.48, 25.00
1481610455131, 2.44, 27.00, -17.31, -0.32, 0.28, -1.50, 25.00
1481610455144, 1.94, 26.19, -16.81, -0.25, 0.27, -1.65, 25.00
1481610455157, 1.69, 25.88, -16.75, -0.33, 0.12, -1.81, 25.00
1481610455171, 1.44, 25.50, -16.62, -0.34, 0.06, -1.66, 25.00
1481610455185, 1.00, 24.69, -16.25, -0.42, 0.11, -1.59, 25.00
1481610455198, 0.81, 24.25, -15.94, -0.38, 0.06, -1.66, 25.00
1481610455212, 0.56, 23.75, -15.62, -0.46, -0.14, -1.90, 25.00
1481610455225, 0.19, 22.81, -15.19, -0.50, -0.21, -1.78, 25.00
1481610455238, 359.94, 22.38, -15.06, -0.39, -0.18, -1.74, 25.00
1481610455251, 359.69, 21.81, -15.00, -0.36, 0.11, -1.94, 25.00
1481610455265, 359.19, 20.62, -14.94, -0.35, 0.11, -2.07, 25.00
1481610455280, 359.00, 19.94, -14.81, -0.32, 0.05, -2.15, 25.00
1481610455293, 358.62, 18.75, -14.38, -0.43, -0.58, -1.63, 25.00
1481610455307, 358.50, 18.19, -14.12, -0.50, -0.61, -1.42, 25.00
1481610455321, 358.38, 17.56, -13.94, -0.39, -0.57, -1.49, 25.00
1481610455335, 358.12, 16.19, -13.81, -0.52, -0.37, -1.76, 25.00
1481610455347, 358.00, 15.50, -13.88, -0.80, -0.10, -1.72, 25.00
1481610455361, 357.88, 14.81, -13.88, -0.87, 0.06, -0.89, 25.00
1481610455373, 357.56, 13.44, -13.50, -0.87, -0.10, -0.49, 25.00
1481610455386, 357.44, 12.69, -13.12, -0.81, -0.30, -0.38, 25.00
1481610455398, 357.25, 12.00, -12.75, -0.62, -0.72, -0.04, 25.00
1481610455412, 357.06, 11.44, -12.50, -0.34, -0.17, -0.29, 25.00
1481610455425, 356.81, 10.38, -12.12, -0.20, 0.15, -0.37, 25.00
1481610455439, 356.75, 9.88, -11.88, -0.58, 0.35, -0.39, 25.00
1481610455452, 356.75, 9.44, -11.44, -0.39, 0.14, 0.32, 25.00
1481610455465, 356.75, 8.31, -10.12, -0.32, -0.41, 0.60, 25.00
1481610455480, 356.62, 7.69, -9.44, -0.27, -0.58, 0.74, 25.00
1481610455495, 356.50, 7.06, -9.06, -0.25, -0.02, 0.78, 25.00
1481610455510, 356.25, 5.94, -8.81, -0.43, 0.57, 0.07, 25.00
1481610455524, 356.12, 5.44, -8.69, -0.67, 0.68, -0.20, 25.00
1481610455538, 356.00, 4.62, -7.75, -0.25, 0.12, 0.39, 25.00
1481610455550, 355.94, 4.31, -6.94, -0.11, -0.25, 0.43, 25.00
1481610455563, 355.94, 3.94, -6.19, -0.41, -0.68, 0.62, 25.00
1481610455577, 355.69, 3.25, -5.25, -0.42, -0.19, 0.30, 25.00
1481610455589, 355.56, 2.88, -5.06, -0.59, 0.03, 0.26, 25.00
1481610455602, 355.44, 2.50, -4.88, -0.69, -0.13, 0.55, 25.00
1481610455616, 355.19, 1.75, -4.12, -0.66, -0.41, 0.66, 25.00
1481610455631, 355.06, 1.38, -3.62, -0.70, -0.71, 0.81, 25.00
1481610455643, 354.94, 1.06, -3.19, -0.63, -0.81, 0.91, 25.00
1481610455660, 354.75, 0.56, -2.88, -0.62, -0.54, 0.54, 25.00
1481610455678, 354.75, 0.38, -2.88, -0.89, -0.37, 0.63, 25.00
1481610455692, 354.62, -0.06, -2.44, -0.65, -0.87, 1.05, 25.00
1481610455711, 354.44, -0.62, -1.44, -0.60, -1.17, 1.25, 25.00
1481610455724, 354.19, -1.25, -0.69, -0.74, -1.22, 1.35, 25.00
1481610455744, 354.19, -1.56, -0.62, -1.11, -1.06, 1.56, 25.00
1481610455760, 354.31, -2.31, -0.75, -1.01, -0.89, 1.67, 25.00
1481610455774, 354.38, -2.75, -0.75, -0.78, -0.68, 1.48, 25.00
1481610455794, 354.31, -3.62, -0.50, -0.57, -0.95, 1.25, 25.00
1481610455808, 354.31, -4.19, -0.19, -0.57, -0.78, 0.91, 25.00
1481610455823, 354.38, -4.38, -0.12, -0.49, -0.74, 0.47, 25.00
1481610455839, 354.69, -4.81, -0.12, -0.32, -0.56, 0.41, 25.00
1481610455853, 354.75, -5.19, -0.19, -0.22, -0.56, -0.15, 25.00
1481610455871, 354.94, -6.12, -0.44, -0.46, -0.50, -0.33, 25.00
1481610455884, 355.12, -7.25, -0.94, -0.51, 0.09, 0.12, 25.00
1481610455903, 355.31, -7.88, -1.12, -0.51, 0.22, 0.28, 25.00
1481610455928, 355.50, -9.06, -1.19, -0.56, 0.01, 0.43, 25.00
1481610455947, 355.56, -10.06, -0.56, -0.65, -0.32, 1.23, 25.00
1481610455972, 355.69, -11.50, 0.88, -0.70, -0.46, 2.10, 25.00
1481610455985, 355.75, -12.62, 1.50, -0.87, -0.50, 1.98, 25.00
1481610456000, 355.69, -13.19, 1.69, -0.94, -0.57, 2.04, 25.00
1481610456014, 355.62, -13.69, 1.88, -0.76, -0.68, 2.14, 25.00
1481610456028, 355.44, -14.50, 2.12, -0.62, -0.45, 2.45, 25.00
1481610456041, 355.44, -14.81, 2.19, -0.31, -0.28, 2.51, 25.00
1481610456054, 355.44, -15.12, 2.19, -0.13, -0.01, 2.29, 25.00
1481610456068, 355.56, -15.81, 2.06, -0.04, -0.01, 2.13, 25.00
1481610456083, 355.69, -16.06, 2.06, -0.04, 0.04, 1.93, 25.00
1481610456095, 355.81, -16.50, 2.25, -0.14, 0.00, 2.00, 25.00
1481610456109, 355.88, -16.69, 2.50, -0.03, 0.07, 1.95, 25.00
1481610456124, 355.94, -16.81, 2.81, -0.32, -0.12, 1.91, 25.00
1481610456139, 356.12, -16.88, 3.31, -0.29, 0.00, 1.85, 25.00
1481610456152, 356.25, -16.88, 3.50, -0.33, 0.05, 1.78, 25.00
1481610456167, 356.44, -16.94, 3.75, -0.28, 0.17, 1.47, 25.00
1481610456182, 356.56, -17.00, 3.81, -0.19, 0.21, 1.52, 25.00
1481610456195, 356.69, -17.12, 3.88, -0.15, 0.22, 1.29, 25.00
1481610456209, 356.69, -17.19, 3.94, -0.33, 0.20, 1.23, 25.00
1481610456223, 356.75, -17.25, 3.94, -0.39, 0.19, 1.07, 25.00
1481610456238, 356.88, -17.25, 4.00, -0.41, 0.10, 1.03, 25.00
1481610456250, 356.88, -17.19, 4.06, -0.32, 0.02, 0.92, 25.00
1481610456264, 356.94, -17.12, 4.12, -0.17, -0.06, 0.55, 25.00
1481610456277, 356.94, -16.94, 4.19, -0.16, -0.04, 0.53, 25.00
1481610456291, 356.94, -16.81, 4.25, -0.14, 0.00, 0.49, 25.00
1481610456303, 357.00, -16.75, 4.31, -0.27, -0.17, 0.17, 25.00
1481610456317, 357.12, -16.56, 4.31, -0.30, -0.23, 0.06, 25.00
1481610456332, 357.25, -16.44, 4.25, -0.23, -0.31, 0.02, 25.00
1481610456346, 357.38, -16.25, 4.19, -0.20, 0.07, 0.08, 25.00
1481610456362, 357.44, -16.12, 4.19, -0.27, 0.01, 0.02, 25.00
1481610456375, 357.62, -15.88, 4.31, -0.27, -0.48, -0.10, 25.00
1481610456387, 357.75, -15.69, 4.38, -0.26, -0.55, -0.10, 25.00
1481610456399, 357.81, -15.56, 4.38, -0.24, -0.49, -0.06, 25.00
1481610456413, 357.94, -15.38, 4.44, -0.18, -0.44, -0.44, 25.00
1481610456425, 358.12, -15.06, 4.38, -0.17, -0.37, -0.41, 25.00
1481610456438, 358.19, -14.94, 4.31, -0.07, -0.32, -0.40, 25.00
1481610456450, 358.25, -14.75, 4.31, -0.07, -0.27, -0.44, 25.00
1481610456465, 358.38, -14.62, 4.25, -0.10, -0.16, -0.56, 25.00
1481610456479, 358.56, -14.50, 4.31, -0.12, -0.21, -0.44, 25.00
1481610456491, 358.62, -14.44, 4.38, -0.13, -0.25, -0.37, 25.00
1481610456504, 358.69, -14.31, 4.38, -0.15, -0.19, -0.29, 25.00
1481610456518, 358.88, -14.25, 4.50, -0.16, -0.22, -0.35, 25.00
1481610456534, 358.94, -14.19, 4.56, -0.16, -0.29, -0.22, 25.00
1481610456547, 359.00, -14.19, 4.81, -0.19, -0.36, -0.08, 25.00
1481610456561, 359.06, -14.19, 5.00, -0.19, -0.33, -0.04, 25.00
1481610456575, 359.12, -14.19, 5.12, -0.08, -0.32, 0.02, 25.00
1481610456587, 359.19, -14.12, 5.50, 0.00, -0.29, 0.10, 25.00
1481610456600, 359.25, -14.06, 5.69, 0.08, -0.25, 0.14, 25.00
1481610456614, 359.38, -14.06, 5.88, 0.07, -0.12, 0.19, 25.00
1481610456626, 359.44, -14.06, 6.19, 0.15, -0.21, 0.15, 25.00
1481610456638, 359.50, -14.06, 6.38, 0.18, 0.04, 0.27, 25.00
1481610456651, 359.56, -14.06, 6.56, 0.36, 0.08, 0.67, 25.00
1481610456664, 359.62, -14.06, 6.75, 0.41, 0.31, 0.57, 25.00
1481610456676, 359.75, -14.12, 7.06, 0.26, 0.39, 0.58, 25.00
1481610456688, 359.81, -14.12, 7.19, 0.08, 0.50, 0.69, 25.00
1481610456700, 359.88, -14.19, 7.25, 0.08, 0.62, 0.79, 25.00
1481610456714, 359.94, -14.25, 7.38, 0.23, 0.10, 0.92, 25.00
1481610456726, 0.00, -14.25, 7.56, 0.46, 1.30, 1.23, 25.00
1481610456739, 359.94, -14.25, 7.88, -0.23, 1.04, 0.36, 25.00
1481610456752, 359.88, -14.25, 8.19, -0.32, 0.20, 0.59, 25.00
1481610456765, 359.81, -14.19, 8.38, 0.08, 0.65, 0.95, 25.00
1481610456779, 359.69, -14.06, 8.75, 0.00, 0.55, 1.13, 25.00
1481610456791, 359.62, -13.94, 8.88, 0.00, 0.48, 1.09, 25.00
1481610456803, 359.62, -13.81, 9.06, -0.01, 0.51, 1.14, 25.00
1481610456816, 359.56, -13.56, 9.31, -0.03, 0.41, 0.99, 25.00
1481610456829, 359.56, -13.50, 9.38, 0.05, 0.26, 0.79, 25.00
1481610456842, 359.56, -13.38, 9.38, 0.07, 0.26, 0.76, 25.00
1481610456855, 359.56, -13.31, 9.38, -2.28, 1.07, 3.36, 25.00
1481610456868, 359.50, -13.06, 9.12, 0.29, 0.88, 1.91, 25.00
1481610456883, 359.44, -12.81, 9.06, -0.10, 1.11, 1.20, 25.00
1481610456895, 359.44, -12.62, 8.88, -0.49, 0.81, 0.94, 25.00
1481610456909, 359.44, -12.38, 8.44, -0.38, 0.85, 0.66, 25.00
1481610456923, 359.38, -12.31, 8.19, -0.33, 0.92, 0.26, 25.00
1481610456936, 359.31, -12.19, 8.00, -0.32, 0.81, 0.37, 25.00
1481610456948, 359.19, -12.12, 7.69, -0.22, 0.64, 0.26, 25.00
1481610456963, 359.12, -12.06, 7.62, -0.28, 0.42, 0.09, 25.00
1481610456975, 359.00, -12.00, 7.69, -0.31, 0.05, -0.06, 25.00
1481610456988, 358.88, -11.81, 7.75, -0.34, 0.05, 0.09, 25.00
1481610457000, 358.81, -11.75, 7.81, -0.41, 0.14, 0.40, 25.00
1481610457014, 358.75, -11.62, 7.88, -0.26, -0.09, 0.15, 25.00
1481610457026, 358.62, -11.44, 7.81, -0.35, -0.26, 0.23, 25.00
1481610457038, 358.62, -11.38, 7.81, -0.51, -0.35, 0.68, 25.00
1481610457051, 358.56, -11.25, 7.69, -0.48, -0.37, 0.78, 25.00
1481610457065, 358.50, -11.19, 7.62, -0.27, -0.42, 0.50, 25.00
1481610457077, 358.44, -11.06, 7.31, -0.26, -0.38, 0.59, 25.00
1481610457089, 358.38, -11.06, 7.12, -0.24, -0.24, 0.74, 25.00
1481610457101, 358.38, -11.00, 6.88, -0.13, -0.12, 0.68, 25.00
1481610457115, 358.31, -11.00, 6.56, -0.11, -0.19, 0.04, 25.00
1481610457127, 358.19, -11.00, 5.88, -0.15, -0.22, 0.00, 25.00
1481610457140, 358.06, -11.00, 5.56, -0.10, -0.08, 0.18, 25.00
1481610457152, 358.00, -11.00, 5.19, -0.12, -0.01, 0.23, 25.00
1481610457165, 357.88, -10.94, 4.81, -0.17, 0.12, 0.49, 25.00
1481610457179, 357.69, -10.94, 4.19, -0.03, 0.21, 0.41, 25.00
1481610457191, 357.56, -10.94, 3.88, 0.00, 0.01, 0.13, 25.00
1481610457204, 357.50, -10.94, 3.69, -0.01, -0.12, -0.11, 25.00
1481610457217, 357.38, -10.88, 3.38, -0.09, -0.18, -0.42, 25.00
1481610457230, 357.31, -10.81, 3.25, -0.07, -0.06, -0.30, 25.00
1481610457243, 357.25, -10.75, 3.19, -0.20, 0.14, -0.01, 25.00
1481610457256, 357.25, -10.69, 3.12, -0.22, 0.30, 0.00, 25.00
1481610457269, 357.25, -10.50, 3.12, 0.01, 0.43, -0.48, 25.00
1481610457284, 357.25, -10.38, 3.19, 0.23, 0.48, -0.48, 25.00
1481610457297, 357.25, -10.12, 3.56, -0.51, 0.38, 0.20, 25.00
1481610457311, 357.12, -10.00, 3.75, -0.49, 0.60, 0.54, 25.00
1481610457325, 357.06, -9.88, 3.81, 0.04, 0.49, 0.25, 25.00
1481610457338, 356.75, -9.62, 4.25, 0.05, 0.67, -0.14, 25.00
1481610457351, 356.62, -9.56, 4.50, 0.41, 0.78, -0.04, 25.00
1481610457365, 356.50, -9.44, 4.94, 0.08, 0.18, 1.11, 25.00
1481610457378, 356.25, -9.00, 5.81, 0.07, -0.40, 1.20, 25.00
1481610457390, 356.12, -8.81, 6.06, 0.05, -0.29, 1.10, 25.00
1481610457406, 356.06, -8.62, 6.25, 0.06, 0.50, 1.15, 25.00
1481610457420, 356.00, -8.31, 6.12, -0.16, 0.22, 1.87, 25.00
1481610457435, 356.00, -8.19, 5.94, 0.28, 0.20, 1.07, 25.00
1481610457447, 356.00, -8.12, 5.81, -0.15, 0.29, 0.24, 25.00
1481610457461, 356.00, -8.12, 5.75, -0.01, 0.24, 0.00, 25.00
1481610457475, 355.94, -8.12, 5.75, -0.03, 0.35, -0.06, 25.00
1481610457488, 356.00, -8.06, 5.75, -0.15, 0.29, 0.35, 25.00
1481610457501, 356.00, -8.00, 5.75, -0.16, 0.25, 0.54, 25.00
1481610457515, 356.00, -8.00, 5.69, -0.14, -0.10, 0.44, 25.00
1481610457529, 356.06, -7.94, 5.62, 0.03, -0.30, 0.88, 25.00
1481610457541, 356.12, -7.94, 5.62, -0.08, 0.00, 0.75, 25.00
1481610457553, 356.12, -7.94, 5.69, 0.00, 0.07, 0.16, 25.00
1481610457566, 356.12, -7.94, 5.75, -0.11, 0.04, -0.08, 25.00
1481610457580, 356.06, -7.94, 5.81, -0.06, 0.14, 0.04, 25.00
1481610457593, 356.06, -7.94, 5.94, -0.09, 0.13, -0.17, 25.00
1481610457606, 356.06, -7.94, 6.06, -0.13, -0.13, -0.47, 25.00
1481610457618, 356.00, -7.81, 6.38, -0.22, -0.19, -0.29, 25.00
1481610457633, 355.94, -7.69, 6.50, 0.00, 0.35, 0.32, 25.00
1481610457646, 355.88, -7.62, 6.56, -0.08, 0.37, 0.73, 25.00
1481610457659, 355.81, -7.44, 6.81, -0.17, -0.21, 0.73, 25.00
1481610457674, 355.75, -7.38, 6.94, -0.12, 0.01, 0.77, 25.00
1481610457689, 355.62, -7.25, 7.06, 0.01, -0.01, 0.73, 25.00
1481610457703, 355.62, -7.25, 7.06, 0.17, -0.21, 0.98, 25.00
1481610457717, 355.56, -7.25, 7.06, 0.18, 0.04, 1.37, 25.00
1481610457732, 355.50, -7.31, 6.81, 0.06, 0.21, 0.81, 25.00
1481610457745, 355.50, -7.44, 6.69, -0.06, 0.05, 0.55, 25.00
1481610457758, 355.50, -7.62, 6.25, 0.03, 0.11, -0.38, 25.00
1481610457772, 355.56, -7.62, 5.94, -0.31, -0.41, -1.13, 25.00
1481610457786, 355.56, -7.62, 5.50, -0.77, 0.30, -1.30, 25.00
1481610457799, 355.56, -7.38, 4.81, -0.13, 1.02, -2.17, 25.00
1481610457815, 355.56, -7.25, 4.81, -0.55, 0.54, -2.00, 25.00
1481610457828, 355.44, -6.75, 5.38, -0.28, -0.11, 0.15, 25.00
1481610457841, 355.44, -6.44, 5.69, 0.05, -0.17, 0.73, 25.00
1481610457853, 355.38, -6.12, 6.00, 0.21, -0.11, 1.03, 25.00
1481610457873, 355.25, -5.50, 6.56, 0.21, 0.13, 0.33, 25.00
1481610457900, 355.06, -5.00, 7.19, 0.12, 0.00, -0.04, 25.00
1481610457915, 354.94, -4.38, 7.62, 0.13, 0.19, 0.56, 25.00
1481610457928, 354.88, -4.12, 7.81, 0.15, 0.32, 0.27, 25.00
1481610457941, 354.81, -3.50, 8.25, 0.11, 0.23, 0.15, 25.00
1481610457953, 354.75, -3.19, 8.56, 0.16, -0.26, 2.19, 25.00
1481610457967, 354.69, -2.88, 8.88, 0.29, -0.97, 0.71, 25.00
1481610457988, 354.56, -2.88, 8.94, 0.26, 0.62, -3.59, 25.00
1481610458001, 354.50, -2.94, 7.88, -0.08, -0.12, 0.79, 25.00
1481610458017, 354.50, -2.88, 7.25, -0.62, -0.26, -0.05, 25.00
1481610458029, 354.50, -2.81, 6.00, -0.30, 0.06, -0.02, 25.00
1481610458043, 354.50, -2.75, 5.38, 0.11, 1.13, 1.87, 25.00
1481610458062, 354.50, -2.69, 4.88, 0.15, 1.48, -2.04, 25.00
1481610458079, 354.50, -2.69, 4.62, -0.10, 0.06, 0.84, 25.00
1481610458093, 354.50, -2.75, 5.31, 0.10, -0.17, 1.51, 25.00
1481610458112, 354.50, -2.75, 5.69, -0.28, -0.55, 0.00, 25.00
1481610458127, 354.50, -2.75, 6.00, -0.13, -0.44, 0.86, 25.00
1481610458143, 354.50, -2.75, 5.81, -0.09, -0.11, 0.57, 25.00
1481610458157, 354.50, -2.75, 5.56, -0.01, 0.42, 0.26, 25.00
1481610458185, 354.50, -2.75, 5.12, -0.04, 0.55, -0.28, 25.00
1481610458198, 354.50, -2.75, 5.06, -0.02, 0.47, 0.27, 25.00
1481610458212, 354.50, -2.75, 5.31, 0.02, 0.33, 0.31, 25.00
1481610458226, 354.50, -2.75, 5.56, -0.16, 0.10, 0.11, 25.00
1481610458239, 354.56, -2.81, 6.19, -0.13, 0.03, 0.39, 25.00
1481610458254, 354.56, -2.81, 6.44, -0.05, -0.27, 0.58, 25.00
1481610458268, 354.56, -2.81, 6.62, -0.06, -0.04, 0.30, 25.00
1481610458281, 354.62, -2.81, 6.69, -0.06, 0.15, 0.25, 25.00
1481610458294, 354.62, -2.81, 6.62, -0.03, 0.35, 0.26, 25.00
1481610458307, 354.69, -2.81, 6.56, -0.02, 0.47, 0.39, 25.00
1481610458321, 354.81, -2.75, 6.44, -0.04, 0.59, 0.10, 25.00
1481610458336, 354.88, -2.75, 6.44, -0.11, 0.62, 0.06, 25.00
1481610458349, 355.06, -2.75, 6.75, -0.12, 0.44, 0.24, 25.00
1481610458363, 355.12, -2.75, 7.00, -0.05, 0.25, 0.30, 25.00
1481610458377, 355.19, -2.75, 7.25, -0.11, 0.06, 0.20, 25.00
1481610458389, 355.44, -2.75, 7.81, -0.06, -0.23, 0.22, 25.00
1481610458402, 355.50, -2.75, 8.12, -0.09, -0.31, 0.32, 25.00
1481610458416, 355.56, -2.75, 8.31, -0.07, -0.33, 0.37, 25.00
1481610458429, 355.75, -2.75, 8.56, -0.10, -0.55, 0.33, 25.00
1481610458442, 355.81, -2.75, 8.56, -0.14, -0.78, 0.38, 25.00
1481610458454, 355.81, -2.75, 8.50, -0.21, -0.87, 0.26, 25.00
1481610458468, 355.81, -2.69, 8.31, 0.12, -0.29, 2.08, 25.00
1481610458481, 355.81, -2.69, 7.62, 0.04, -0.63, 1.70, 25.00
1481610458493, 355.75, -2.81, 7.31, -0.34, -0.59, -0.16, 25.00
1481610458505, 355.69, -2.88, 7.12, -0.07, -0.80, -0.22, 25.00
1481610458518, 355.56, -2.88, 7.12, -0.16, -0.38, -0.40, 25.00
1481610458530, 355.06, -2.94, 7.75, 0.00, 0.17, 0.29, 25.00
1481610458542, 354.75, -3.00, 8.19, -0.01, 0.46, 0.54, 25.00
1481610458555, 354.50, -3.00, 8.69, -0.03, 0.52, 0.53, 25.00
1481610458568, 354.25, -3.06, 9.12, 0.27, -0.79, 0.58, 25.00
1481610458582, 353.94, -3.06, 9.75, -0.42, -1.12, 0.29, 25.00
1481610458594, 353.81, -3.12, 9.94, -0.41, -0.19, 0.53, 25.00
1481610458607, 353.69, -3.19, 10.00, -0.51, -0.88, 0.28, 25.00
1481610458619, 353.50, -3.25, 9.94, -0.56, 0.08, 0.00, 25.00
1481610458633, 353.38, -3.25, 9.81, 0.13, -0.52, -0.03, 25.00
1481610458645, 353.25, -3.31, 9.75, 0.07, -0.01, 0.15, 25.00
1481610458657, 353.12, -3.31, 9.75, -0.20, 0.23, 0.22, 25.00
1481610458669, 352.94, -3.38, 9.56, -0.54, -0.05, 0.33, 25.00
1481610458683, 352.81, -3.38, 9.44, -0.44, 0.10, 0.69, 25.00
1481610458696, 352.69, -3.38, 9.25, -0.06, -0.26, 0.26, 25.00
1481610458709, 352.56, -3.38, 9.12, -0.04, 0.15, 0.15, 25.00
1481610458722, 352.31, -3.44, 8.88, 0.03, 0.28, 0.07, 25.00
1481610458737, 352.19, -3.44, 8.75, -0.12, 0.12, 0.00, 25.00
1481610458749, 352.06, -3.44, 8.62, 0.05, 0.12, 0.20, 25.00
1481610458762, 351.88, -3.44, 8.50, 0.15, 0.12, 0.36, 25.00
1481610458777, 351.75, -3.38, 8.38, -0.02, 0.28, 0.46, 25.00
1481610458789, 351.56, -3.38, 8.12, -0.12, 0.35, 0.44, 25.00
1481610458801, 351.50, -3.38, 7.94, -0.10, 0.41, 0.38, 25.00
1481610458816, 351.44, -3.38, 7.75, 0.11, 0.49, 0.46, 25.00
1481610458829, 351.38, -3.38, 7.50, 0.06, 0.29, 0.20, 25.00
1481610458842, 351.31, -3.38, 7.00, 0.15, 0.36, 0.00, 25.00
1481610458854, 351.25, -3.38, 6.81, 0.17, 0.42, 0.00, 25.00
1481610458868, 351.25, -3.38, 6.69, 0.20, 0.35, 0.09, 25.00
1481610458880, 351.12, -3.31, 6.50, 0.19, 0.35, 0.47, 25.00
1481610458893, 351.00, -3.31, 6.44, 0.20, 0.36, 0.65, 25.00
1481610458905, 350.94, -3.25, 6.38, 0.22, 0.32, 0.75, 25.00
1481610458919, 350.88, -3.25, 6.25, 0.00, 0.35, 0.21, 25.00
1481610458932, 350.75, -3.25, 6.00, -0.13, 0.41, -0.01, 25.00
1481610458944, 350.69, -3.25, 5.94, -0.05, 0.33, -0.20, 25.00
1481610458957, 350.69, -3.25, 5.94, 0.00, 0.30, 0.07, 25.00
1481610458969, 350.62, -3.25, 5.94, -0.03, 0.05, 0.35, 25.00
1481610458983, 350.50, -3.19, 5.94, -0.04, 0.00, 0.65, 25.00
1481610458995, 350.44, -3.19, 5.94, -0.04, -0.01, 0.61, 25.00
1481610459008, 350.44, -3.19, 5.88, -0.08, 0.02, 0.38, 25.00
1481610459020, 350.31, -3.25, 5.81, -0.19, 0.03, -0.12, 25.00
1481610459034, 350.25, -3.25, 5.81, -0.12, 0.09, -0.09, 25.00
1481610459047, 350.19, -3.25, 5.81, -0.11, 0.06, 0.04, 25.00
1481610459060, 350.19, -3.25, 5.81, -0.14, 0.06, 0.43, 25.00
1481610459074, 350.06, -3.19, 5.81, -0.02, 0.03, 0.33, 25.00
1481610459088, 350.06, -3.19, 5.81, -0.02, 0.03, 0.42, 25.00
1481610459101, 350.00, -3.19, 5.75, -0.01, 0.00, 0.30, 25.00
1481610459114, 350.00, -3.19, 5.69, -0.05, -0.02, 0.32, 25.00
1481610459129, 350.00, -3.19, 5.62, 0.02, 0.35, 0.18, 25.00
1481610459141, 350.00, -3.19, 5.50, 0.02, 0.44, 0.11, 25.00
1481610459154, 350.00, -3.19, 5.38, -0.14, 0.43, 0.13, 25.00
1481610459168, 350.06, -3.12, 5.31, -0.15, 0.37, 0.17, 25.00
1481610459181, 350.19, -3.06, 5.19, -0.15, 0.24, 0.27, 25.00
1481610459193, 350.31, -3.06, 5.12, 0.11, 0.27, 0.55, 25.00
1481610459206, 350.38, -3.00, 5.00, 0.18, 0.16, 0.48, 25.00
1481610459220, 350.50, -3.00, 5.00, 0.04, 0.10, 0.13, 25.00
1481610459236, 350.56, -3.00, 4.94, -0.04, 0.16, 0.23, 25.00
1481610459250, 350.56, -3.00, 4.94, -0.01, 0.23, 0.32, 25.00
1481610459263, 350.56, -3.00, 4.94, -0.09, 0.32, 0.07, 25.00
1481610459278, 350.56, -3.00, 4.94, -0.01, 0.11, 0.45, 25.00
1481610459291, 350.56, -3.00, 4.94, -0.08, 0.00, 0.16, 25.00
1481610459305, 350.56, -3.00, 4.94, -0.13, 0.02, 0.36, 25.00
1481610459319, 350.56, -3.00, 4.94, -0.09, 0.05, 0.09, 25.00
1481610459333, 350.56, -3.00, 4.94, -0.06, -0.14, 0.22, 25.00
1481610459345, 350.56, -3.00, 4.94, -0.24, -0.43, 0.47, 25.00
1481610459358, 350.50, -3.00, 4.94, -0.21, -0.16, 0.18, 25.00
1481610459371, 350.44, -3.00, 4.94, -0.07, 0.09, 0.08, 25.00
1481610459384, 350.44, -3.00, 4.94, -0.15, -0.04, 0.31, 25.00
1481610459396, 350.38, -3.00, 4.94, -0.09, -0.31, 0.45, 25.00
1481610459409, 350.31, -3.00, 4.94, -0.09, -0.09, 0.28, 25.00
1481610459422, 350.19, -3.06, 4.94, -0.07, -0.19, 0.10, 25.00
1481610459437, 350.12, -3.06, 4.94, -0.15, -0.96, 0.30, 25.00
1481610459450, 350.06, -3.06, 5.00, 0.18, -1.06, 0.11, 25.00
1481610459463, 349.94, -3.06, 4.94, 0.21, -0.88, 0.14, 25.00
1481610459478, 349.94, -3.06, 4.88, 0.27, -0.79, 0.27, 25.00
1481610459494, 350.12, -3.06, 4.81, 0.13, -0.66, 0.35, 25.00
1481610459510, 350.25, -3.00, 4.81, 0.13, -0.64, 0.18, 25.00
1481610459525, 350.56, -3.00, 4.81, 0.22, -0.34, 0.40, 25.00
1481610459541, 350.69, -3.00, 4.81, 0.14, -0.35, 0.41, 25.00
1481610459553, 351.06, -2.94, 4.81, 0.27, -0.20, 0.28, 25.00
1481610459568, 351.19, -2.94, 4.81, 0.25, -0.10, 0.29, 25.00
1481610459581, 351.38, -2.94, 4.81, -0.10, 0.14, 0.30, 25.00
1481610459594, 351.88, -2.94, 4.81, 0.21, 1.64, 0.26, 25.00
1481610459607, 352.12, -2.94, 4.81, -0.43, 3.36, -0.74, 25.00
1481610459620, 352.38, -2.94, 4.81, -0.21, 0.63, 0.53, 25.00
1481610459633, 352.75, -2.94, 4.81, 0.30, 1.31, 0.48, 25.00
1481610459646, 352.88, -2.88, 4.81, -0.43, 0.00, 0.23, 25.00
1481610459662, 353.00, -2.94, 4.81, -0.20, 0.41, 0.69, 25.00
1481610459677, 353.25, -2.88, 4.81, -0.02, 0.22, 0.00, 25.00
1481610459692, 353.31, -2.88, 4.81, -0.29, 0.27, 0.15, 25.00
1481610459705, 353.44, -2.88, 4.81, -0.39, 0.26, 0.32, 25.00
1481610459719, 353.50, -2.94, 4.75, -0.34, 0.14, 0.03, 25.00
1481610459742, 353.62, -2.94, 4.69, 0.26, 0.60, 0.33, 25.00
1481610459756, 353.69, -2.94, 4.62, 0.06, 0.21, 0.52, 25.00
1481610459778, 353.75, -2.94, 4.62, -0.03, 0.16, 0.23, 25.00
1481610459793, 353.88, -2.94, 4.62, 0.02, 0.19, 0.34, 25.00
1481610459808, 354.00, -3.00, 4.69, -0.08, 0.31, 0.35, 25.00
1481610459825, 354.06, -3.00, 4.69, -0.15, 0.17, 0.05, 25.00
1481610459840, 354.12, -3.06, 4.75, -0.09, 0.04, 0.25, 25.00
1481610459858, 354.19, -3.12, 4.81, -0.18, -0.15, 0.44, 25.00
1481610459872, 354.19, -3.12, 4.81, 0.02, 0.00, 0.40, 25.00
1481610459889, 354.19, -3.19, 4.88, 0.00, -0.05, 0.44, 25.00
1481610459908, 354.12, -3.19, 4.94, 0.07, 0.11, 0.28, 25.00
1481610459930, 354.12, -3.31, 4.94, -0.04, -0.04, 0.06, 25.00
1481610459944, 354.12, -3.38, 5.00, -0.05, -0.14, 0.01, 25.00
1481610459969, 354.19, -3.38, 5.00, 0.05, -0.08, 0.19, 25.00
1481610459987, 354.31, -3.38, 4.94, 0.16, -0.04, 0.10, 25.00
1481610460000, 354.38, -3.38, 4.94, 0.16, 0.28, 0.21, 25.00
1481610460014, 354.44, -3.31, 4.94, 0.28, 0.36, 0.14, 25.00
1481610460030, 354.44, -3.31, 4.94, 0.06, 0.46, 0.21, 25.00
1481610460042, 354.50, -3.19, 4.88, 0.02, 0.46, 0.35, 25.00
1481610460055, 354.56, -3.19, 4.81, 0.11, 0.53, 0.55, 25.00
1481610460070, 354.62, -3.12, 4.81, 0.16, 0.67, 0.15, 25.00
1481610460083, 354.75, -3.06, 4.75, -0.04, 0.73, 0.37, 25.00
1481610460095, 354.81, -3.00, 4.69, -0.06, 0.90, 0.37, 25.00
1481610460109, 354.81, -3.00, 4.69, -0.11, 0.86, 0.24, 25.00
1481610460122, 354.88, -2.94, 4.62, -0.22, 0.59, 0.55, 25.00
1481610460139, 354.88, -2.94, 4.50, -0.20, 0.66, -0.06, 25.00
1481610460152, 354.88, -2.94, 4.44, -0.59, 0.77, 0.61, 25.00
1481610460167, 354.88, -2.94, 4.50, -0.94, 0.66, 0.22, 25.00
1481610460181, 354.88, -2.94, 4.44, -0.06, 0.24, -0.15, 25.00
1481610460193, 354.94, -2.88, 4.50, -0.12, 0.00, 0.36, 25.00
1481610460206, 354.94, -2.81, 4.50, -0.09, -0.06, 0.69, 25.00
1481610460220, 354.94, -2.81, 4.50, -0.07, -0.01, 0.07, 25.00
1481610460235, 355.00, -2.81, 4.44, -0.16, 0.07, 0.39, 25.00
1481610460248, 355.00, -2.81, 4.38, 0.18, -0.81, 0.46, 25.00
1481610460262, 355.00, -2.81, 4.38, -0.03, 0.10, 0.31, 25.00
1481610460276, 355.00, -2.81, 4.38, -0.01, 0.25, 0.14, 25.00
1481610460290, 355.00, -2.81, 4.38, -0.03, 0.05, 0.34, 25.00
1481610460303, 355.00, -2.81, 4.38, 0.16, 0.28, 0.20, 25.00
1481610460318, 355.00, -2.81, 4.38, 0.04, 0.03, 0.49, 25.00
1481610460332, 355.00, -2.81, 4.38, 0.05, 0.17, 0.23, 25.00
1481610460344, 355.06, -2.81, 4.31, -0.09, 0.22, 0.39, 25.00
1481610460357, 355.06, -2.81, 4.31, -0.07, 0.29, 0.23, 25.00
1481610460371, 355.06, -2.81, 4.31, -0.16, 0.10, 0.17, 25.00
1481610460383, 355.12, -2.81, 4.31, 0.01, -0.01, 0.23, 25.00
1481610460395, 355.19, -2.81, 4.31, 0.04, -0.05, 0.33, 25.00
1481610460408, 355.19, -2.81, 4.31, 0.00, 0.00, 0.22, 25.00
1481610460422, 355.19, -2.81, 4.31, -0.06, 0.00, 0.61, 25.00
1481610460435, 355.25, -2.81, 4.31, -0.08, 0.35, -0.26, 25.00
1481610460447, 355.31, -2.81, 4.31, 0.56, 1.07, -1.60, 25.00
1481610460461, 355.38, -2.81, 4.31, -1.09, 0.50, 2.44, 25.00
1481610460475, 355.44, -2.81, 4.31, 0.17, 0.98, 1.68, 25.00
1481610460490, 355.44, -2.81, 4.31, -0.31, -0.16, -0.37, 25.00
1481610460505, 355.50, -2.81, 4.31, 0.12, 0.04, 0.28, 25.00
1481610460521, 355.62, -2.75, 4.31, -0.19, 0.23, 0.26, 25.00
1481610460533, 355.69, -2.75, 4.38, -0.12, 0.25, 0.16, 25.00
1481610460546, 355.75, -2.75, 4.38, -0.11, 0.21, 0.39, 25.00
1481610460558, 355.81, -2.75, 4.38, -0.01, 0.08, 0.33, 25.00
1481610460573, 355.88, -2.75, 4.38, -0.08, 0.00, 0.18, 25.00
1481610460586, 356.00, -2.75, 4.38, 0.00, 0.04, 0.28, 25.00
1481610460599, 356.00, -2.75, 4.38, -0.01, -0.01, 0.25, 25.00
1481610460611, 356.06, -2.75, 4.38, -0.02, -0.06, 0.33, 25.00
1481610460624, 356.19, -2.75, 4.38, 0.02, -0.02, 0.18, 25.00
1481610460637, 356.19, -2.75, 4.31, 0.02, 0.03, 0.22, 25.00
1481610460649, 356.25, -2.75, 4.31, -0.05, -0.02, 0.20, 25.00
1481610460662, 356.31, -2.75, 4.31, -0.07, 0.01, 0.29, 25.00
1481610460673, 356.38, -2.75, 4.38, -0.10, 0.00, 0.17, 25.00
1481610460686, 356.38, -2.69, 4.38, -0.08, 0.04, 0.19, 25.00
1481610460699, 356.44, -2.69, 4.38, -0.06, 0.03, 0.31, 25.00
1481610460711, 356.44, -2.69, 4.38, -0.06, 0.02, 0.31, 25.00
1481610460724, 356.50, -2.69, 4.38, -0.07, 0.06, 0.21, 25.00
1481610460738, 356.56, -2.69, 4.38, -0.09, 0.04, 0.24, 25.00
1481610460751, 356.56, -2.69, 4.38, -0.07, 0.05, 0.25, 25.00
1481610460763, 356.56, -2.69, 4.38, -0.05, 0.04, 0.26, 25.00
1481610460777, 356.62, -2.69, 4.38, -0.09, 0.04, 0.19, 25.00
1481610460791, 356.62, -2.69, 4.38, -0.05, 0.02, 0.22, 25.00
1481610460803, 356.62, -2.69, 4.31, -0.05, 0.06, 0.29, 25.00
1481610460817, 356.62, -2.69, 4.31, -0.06, 0.03, 0.31, 25.00
1481610460831, 356.69, -2.69, 4.31, -0.08, 0.05, 0.21, 25.00
1481610460845, 356.69, -2.69, 4.31, -0.06, 0.04, 0.30, 25.00
1481610460859, 356.69, -2.69, 4.31, -0.06, 0.08, 0.30, 25.00
1481610460872, 356.69, -2.69, 4.31, -0.07, 0.08, 0.20, 25.00
1481610460884, 356.69, -2.69, 4.31, -0.07, 0.09, 0.21, 25.00
1481610460896, 356.75, -2.69, 4.31, -0.05, 0.07, 0.30, 25.00
1481610460911, 356.75, -2.69, 4.31, -0.06, 0.06, 0.32, 25.00
1481610460924, 356.75, -2.69, 4.31, -0.06, 0.04, 0.21, 25.00
1481610460937, 356.75, -2.69, 4.31, -0.08, 0.05, 0.25, 25.00
1481610460950, 356.75, -2.69, 4.31, -0.07, 0.04, 0.27, 25.00
1481610460963, 356.75, -2.75, 4.31, -0.06, 0.08, 0.25, 25.00
1481610460975, 356.75, -2.75, 4.31, -0.06, 0.07, 0.21, 25.00
1481610460988, 356.81, -2.75, 4.31, -0.05, 0.11, 0.24, 25.00
1481610461001, 356.81, -2.75, 4.31, -0.06, 0.05, 0.28, 25.00
1481610461014, 356.81, -2.75, 4.31, -0.06, 0.07, 0.29, 25.00
1481610461027, 356.81, -2.75, 4.31, -0.06, 0.06, 0.22, 25.00
1481610461041, 356.81, -2.75, 4.31, -0.05, 0.04, 0.24, 25.00
1481610461055, 356.81, -2.75, 4.31, -0.06, 0.10, 0.29, 25.00
1481610461069, 356.81, -2.75, 4.31, -0.05, 0.08, 0.24, 25.00
1481610461082, 356.81, -2.75, 4.31, -0.05, 0.08, 0.25, 25.00
1481610461095, 356.81, -2.75, 4.31, -0.06, 0.04, 0.25, 25.00
1481610461109, 356.81, -2.75, 4.31, -0.07, 0.04, 0.29, 25.00
1481610461122, 356.81, -2.75, 4.31, -0.05, 0.06, 0.21, 25.00
1481610461135, 356.81, -2.75, 4.31, -0.05, 0.06, 0.27, 25.00
1481610461147, 356.81, -2.75, 4.31, -0.03, 0.06, 0.30, 25.00
1481610461161, 356.81, -2.75, 4.31, -0.04, 0.07, 0.30, 25.00
1481610461174, 356.81, -2.75, 4.31, -0.05, 0.08, 0.20, 25.00
1481610461187, 356.81, -2.75, 4.31, -0.04, 0.09, 0.26, 25.00
1481610461201, 356.81, -2.75, 4.25, -0.06, 0.08, 0.25, 25.00
1481610461214, 356.81, -2.75, 4.25, -0.04, 0.07, 0.27, 25.00
1481610461228, 356.81, -2.75, 4.25, -0.05, 0.06, 0.19, 25.00
1481610461246, 356.81, -2.75, 4.25, -0.07, 0.10, 0.28, 25.00
1481610461261, 356.81, -2.75, 4.25, -0.05, 0.08, 0.29, 25.00
1481610461274, 356.81, -2.75, 4.25, -0.07, 0.04, 0.20, 25.00
1481610461288, 356.81, -2.75, 4.25, -0.05, 0.06, 0.24, 25.00
1481610461302, 356.81, -2.75, 4.25, -0.03, 0.06, 0.29, 25.00
1481610461315, 356.81, -2.75, 4.25, -0.06, 0.06, 0.24, 25.00
1481610461329, 356.81, -2.75, 4.25, -0.06, 0.06, 0.18, 25.00
1481610461343, 356.81, -2.75, 4.25, -0.05, 0.07, 0.28, 25.00
1481610461356, 356.81, -2.75, 4.25, -0.05, 0.08, 0.28, 25.00
1481610461370, 356.81, -2.75, 4.25, -0.04, 0.07, 0.30, 25.00
1481610461383, 356.81, -2.75, 4.25, -0.08, 0.06, 0.25, 25.00
1481610461399, 356.81, -2.75, 4.25, -0.06, 0.09, 0.27, 25.00
1481610461414, 356.81, -2.75, 4.25, -0.04, 0.04, 0.24, 25.00
1481610461428, 356.81, -2.75, 4.25, -0.05, 0.03, 0.21, 25.00
1481610461443, 356.81, -2.75, 4.25, -0.05, 0.06, 0.24, 25.00
1481610461455, 356.81, -2.75, 4.25, -0.04, 0.07, 0.29, 25.00
1481610461469, 356.81, -2.75, 4.25, -0.05, 0.08, 0.30, 25.00
1481610461484, 356.81, -2.75, 4.25, -0.06, 0.07, 0.28, 25.00
1481610461496, 356.81, -2.75, 4.25, -0.04, 0.07, 0.28, 25.00
1481610461511, 356.81, -2.75, 4.25, -0.05, 0.08, 0.31, 25.00
1481610461525, 356.81, -2.75, 4.25, -0.06, 0.03, 0.22, 25.00
1481610461538, 356.81, -2.75, 4.25, -0.05, 0.03, 0.23, 25.00
1481610461552, 356.81, -2.75, 4.25, -0.06, 0.05, 0.26, 25.00
1481610461565, 356.81, -2.75, 4.25, -0.05, 0.07, 0.26, 25.00
1481610461578, 356.81, -2.75, 4.25, -0.04, 0.09, 0.17, 25.00
1481610461593, 356.81, -2.75, 4.25, -0.04, 0.03, 0.26, 25.00
1481610461607, 356.81, -2.75, 4.25, -0.05, 0.05, 0.32, 25.00
1481610461624, 356.81, -2.75, 4.25, -0.06, 0.09, 0.20, 25.00
1481610461638, 356.81, -2.75, 4.25, -0.04, 0.08, 0.28, 25.00
1481610461652, 356.81, -2.75, 4.25, -0.05, 0.08, 0.26, 25.00
1481610461667, 356.81, -2.75, 4.25, -0.04, 0.07, 0.25, 25.00
1481610461682, 356.81, -2.75, 4.25, -0.03, 0.07, 0.20, 25.00
1481610461696, 356.81, -2.75, 4.25, -0.05, 0.07, 0.30, 25.00
1481610461712, 356.81, -2.75, 4.25, -0.06, 0.06, 0.31, 25.00
1481610461726, 356.81, -2.75, 4.25, -0.07, 0.06, 0.18, 25.00
1481610461740, 356.81, -2.75, 4.25, -0.04, 0.06, 0.26, 25.00
1481610461754, 356.81, -2.75, 4.25, -0.05, 0.07, 0.32, 25.00
1481610461766, 356.81, -2.75, 4.25, -0.04, 0.06, 0.24, 25.00
1481610461780, 356.81, -2.75, 4.25, -0.05, 0.08, 0.19, 25.00
1481610461794, 356.81, -2.75, 4.25, -0.05, 0.08, 0.32, 25.00
1481610461808, 356.81, -2.75, 4.25, -0.04, 0.11, 0.28, 25.00
1481610461823, 356.81, -2.75, 4.25, -0.07, 0.10, 0.31, 25.00
1481610461835, 356.81, -2.75, 4.25, -0.04, 0.05, 0.26, 25.00
1481610461848, 356.81, -2.75, 4.25, -0.06, 0.05, 0.27, 25.00
1481610461864, 356.81, -2.75, 4.25, -0.06, 0.05, 0.24, 25.00
1481610461879, 356.81, -2.75, 4.25, -0.05, 0.06, 0.17, 25.00
1481610461894, 356.81, -2.75, 4.25, -0.06, 0.05, 0.26, 25.00
1481610461908, 356.81, -2.75, 4.25, -0.04, 0.04, 0.31, 25.00
1481610461923, 356.81, -2.75, 4.25, -0.07, 0.05, 0.30, 25.00
1481610461936, 356.81, -2.75, 4.25, -0.02, 0.07, 0.27, 25.00
1481610461953, 356.81, -2.75, 4.25, -0.03, 0.03, 0.27, 25.00
1481610461966, 356.81, -2.75, 4.25, -0.04, 0.06, 0.29, 25.00
1481610461981, 356.81, -2.75, 4.25, -0.04, 0.07, 0.17, 25.00
1481610461995, 356.81, -2.75, 4.25, -0.06, 0.07, 0.25, 25.00
1481610462009, 356.81, -2.75, 4.25, -0.06, 0.05, 0.29, 25.00
1481610462024, 356.81, -2.75, 4.25, -0.05, 0.07, 0.21, 25.00
1481610462038, 356.81, -2.75, 4.25, -0.05, 0.07, 0.23, 25.00
1481610462056, 356.81, -2.75, 4.25, -0.05, 0.06, 0.29, 25.00
1481610462075, 356.81, -2.75, 4.25, -0.06, 0.08, 0.18, 25.00
1481610462092, 356.81, -2.75, 4.25, -0.05, 0.05, 0.26, 25.00
1481610462112, 356.81, -2.75, 4.25, -0.05, 0.05, 0.30, 25.00
1481610462126, 356.81, -2.75, 4.25, -0.04, 0.07, 0.19, 25.00
1481610462159, 356.81, -2.75, 4.25, -0.05, 0.04, 0.30, 25.00
1481610462173, 356.81, -2.75, 4.25, -0.05, 0.05, 0.30, 25.00
1481610462186, 356.81, -2.75, 4.25, -0.04, 0.07, 0.25, 25.00
1481610462200, 356.81, -2.75, 4.25, -0.04, 0.06, 0.26, 25.00
1481610462215, 356.81, -2.75, 4.25, -0.03, 0.06, 0.26, 25.00
1481610462227, 356.81, -2.75, 4.25, -0.06, 0.07, 0.18, 25.00
1481610462242, 356.81, -2.75, 4.25, -0.05, 0.08, 0.23, 25.00
1481610462255, 356.81, -2.75, 4.25, -0.05, 0.05, 0.30, 25.00
1481610462269, 356.81, -2.75, 4.25, -0.04, 0.04, 0.31, 25.00
1481610462284, 356.81, -2.75, 4.25, -0.05, 0.05, 0.21, 25.00
1481610462297, 356.81, -2.75, 4.25, -0.07, 0.09, 0.29, 25.00
1481610462312, 356.81, -2.75, 4.25, -0.06, 0.08, 0.28, 25.00
1481610462326, 356.81, -2.75, 4.25, -0.07, 0.08, 0.18, 25.00
1481610462339, 356.81, -2.75, 4.25, -0.05, 0.06, 0.22, 25.00
1481610462353, 356.81, -2.75, 4.25, -0.03, 0.08, 0.26, 25.00
1481610462366, 356.81, -2.75, 4.25, -0.07, 0.07, 0.29, 25.00
1481610462382, 356.81, -2.75, 4.25, -0.05, 0.07, 0.22, 25.00
1481610462396, 356.81, -2.75, 4.25, -0.04, 0.07, 0.29, 25.00
1481610462411, 356.81, -2.75, 4.25, -0.02, 0.07, 0.29, 25.00
1481610462425, 356.81, -2.75, 4.25, -0.06, 0.07, 0.15, 25.00
1481610462437, 356.81, -2.75, 4.25, -0.08, 0.05, 0.27, 25.00
1481610462449, 356.81, -2.75, 4.25, -0.02, 0.06, 0.30, 25.00
1481610462464, 356.81, -2.75, 4.25, -0.01, 0.07, 0.31, 25.00
1481610462477, 356.81, -2.75, 4.25, -0.02, 0.10, 0.19, 25.00
1481610462490, 356.81, -2.75, 4.25, -0.04, 0.08, 0.23, 25.00
1481610462502, 356.81, -2.75, 4.25, -0.08, 0.05, 0.28, 25.00
1481610462515, 356.81, -2.75, 4.25, -0.06, 0.08, 0.31, 25.00
1481610462528, 356.81, -2.75, 4.25, -0.06, 0.07, 0.21, 25.00
1481610462543, 356.81, -2.75, 4.25, -0.05, 0.06, 0.24, 25.00
1481610462556, 356.81, -2.75, 4.25, -0.10, 0.04, 0.28, 25.00
1481610462570, 356.81, -2.75, 4.25, -0.05, 0.08, 0.27, 25.00
1481610462585, 356.81, -2.75, 4.25, -0.01, 0.10, 0.24, 25.00
1481610462597, 356.81, -2.75, 4.25, -0.04, 0.06, 0.31, 25.00
1481610462611, 356.81, -2.75, 4.25, -0.04, 0.06, 0.31, 25.00
1481610462625, 356.81, -2.75, 4.25, -0.08, 0.04, 0.21, 25.00
1481610462637, 356.81, -2.75, 4.25, -0.05, 0.06, 0.24, 25.00
1481610462649, 356.81, -2.75, 4.25, -0.06, 0.06, 0.28, 25.00
1481610462664, 356.81, -2.75, 4.25, -0.03, 0.05, 0.30, 25.00
1481610462677, 356.81, -2.75, 4.25, -0.05, 0.08, 0.19, 25.00
1481610462691, 356.81, -2.75, 4.25, -0.05, 0.08, 0.24, 25.00
1481610462705, 356.81, -2.75, 4.25, -0.03, 0.06, 0.30, 25.00
1481610462717, 356.81, -2.75, 4.25, -0.03, 0.06, 0.31, 25.00
1481610462730, 356.81, -2.75, 4.25, -0.06, 0.08, 0.18, 25.00
1481610462745, 356.81, -2.75, 4.25, -0.06, 0.07, 0.27, 25.00
1481610462757, 356.81, -2.75, 4.25, -0.07, 0.06, 0.29, 25.00
1481610462770, 356.81, -2.75, 4.25, -0.02, 0.07, 0.30, 25.00
1481610462785, 356.81, -2.75, 4.25, -0.03, 0.08, 0.20, 25.00
1481610462797, 356.81, -2.75, 4.25, -0.04, 0.07, 0.28, 25.00
1481610462810, 356.81, -2.75, 4.25, -0.03, 0.06, 0.31, 25.00
1481610462825, 356.81, -2.75, 4.25, -0.05, 0.06, 0.27, 25.00
1481610462837, 356.81, -2.75, 4.25, -0.04, 0.07, 0.21, 25.00
1481610462849, 356.81, -2.75, 4.25, -0.06, 0.04, 0.27, 25.00
1481610462864, 356.81, -2.75, 4.25, -0.04, 0.05, 0.28, 25.00
1481610462878, 356.81, -2.75, 4.25, -0.04, 0.06, 0.21, 25.00
1481610462891, 356.81, -2.75, 4.25, -0.04, 0.07, 0.26, 25.00
1481610462905, 356.81, -2.75, 4.25, -0.03, 0.07, 0.28, 25.00
1481610462917, 356.81, -2.75, 4.25, -0.04, 0.05, 0.27, 25.00
1481610462931, 356.81, -2.75, 4.25, -0.06, 0.06, 0.17, 25.00
1481610462945, 356.81, -2.75, 4.25, -0.07, 0.07, 0.21, 25.00
1481610462958, 356.81, -2.75, 4.25, -0.06, 0.06, 0.30, 25.00
1481610462971, 356.81, -2.75, 4.25, -0.07, 0.06, 0.30, 25.00
1481610462985, 356.81, -2.75, 4.25, -0.05, 0.08, 0.19, 25.00
1481610462998, 356.81, -2.75, 4.25, -0.03, 0.08, 0.32, 25.00
1481610463012, 356.81, -2.75, 4.25, -0.04, 0.07, 0.29, 25.00
1481610463026, 356.81, -2.75, 4.25, -0.05, 0.07, 0.20, 25.00
1481610463039, 356.81, -2.75, 4.25, -0.05, 0.06, 0.23, 25.00
1481610463051, 356.81, -2.75, 4.25, -0.06, 0.08, 0.28, 25.00
1481610463067, 356.81, -2.75, 4.25, -0.06, 0.08, 0.29, 25.00
1481610463081, 356.81, -2.75, 4.25, -0.03, 0.06, 0.22, 25.00
1481610463096, 356.81, -2.75, 4.25, -0.05, 0.07, 0.26, 25.00
1481610463108, 356.81, -2.75, 4.25, -0.07, 0.07, 0.27, 25.00
1481610463122, 356.81, -2.75, 4.25, -0.05, 0.05, 0.26, 25.00
1481610463137, 356.81, -2.75, 4.25, -0.03, 0.05, 0.26, 25.00
1481610463150, 356.81, -2.75, 4.25, -0.05, 0.07, 0.26, 25.00
1481610463165, 356.81, -2.75, 4.25, -0.07, 0.06, 0.30, 25.00
1481610463178, 356.81, -2.75, 4.25, -0.05, 0.07, 0.20, 25.00
1481610463193, 356.81, -2.75, 4.25, -0.02, 0.07, 0.25, 25.00
1481610463209, 356.81, -2.75, 4.25, -0.03, 0.09, 0.31, 25.00
1481610463223, 356.81, -2.75, 4.25, -0.03, 0.07, 0.31, 25.00
1481610463237, 356.81, -2.75, 4.25, -0.08, 0.06, 0.26, 25.00
1481610463249, 356.81, -2.75, 4.25, -0.06, 0.08, 0.29, 25.00
1481610463265, 356.81, -2.75, 4.25, -0.06, 0.07, 0.29, 25.00
1481610463278, 356.81, -2.75, 4.25, -0.05, 0.05, 0.20, 25.00
1481610463291, 356.81, -2.75, 4.25, -0.06, 0.05, 0.23, 25.00
1481610463305, 356.81, -2.75, 4.25, -0.05, 0.08, 0.30, 25.00
1481610463318, 356.81, -2.75, 4.25, -0.03, 0.08, 0.32, 25.00
1481610463332, 356.81, -2.75, 4.25, -0.04, 0.07, 0.20, 25.00
1481610463346, 356.81, -2.75, 4.25, -0.06, 0.08, 0.27, 25.00
1481610463359, 356.81, -2.75, 4.25, -0.06, 0.06, 0.29, 25.00
